지원금명,상태,카테고리,지역,신청기간,지원내용,상세URL
서해랑 쉼해랑 부안 웰니스 걷기 여행 B코스,마감,투어/체험,전북 부안군,2026년 5월 16일 ~ 2026년 5월 16일,"* 가격: 44,900원 (정가 95,000원 → 지원금 반영 할인)",https://www.masil.io/programs/e1fae353-b828-4490-9aab-d39fc67d851d
썸팅 플레이스 인 안동 - 3회차/4회차,마감,한달살기,경북,2025년 2월 7일 ~ 2025년 2월 23일,"참가자 만남·교류, 예술체험, 관광지 미션투어, 설렘의 밤 파티, 커플매칭 지원",https://www.masil.io/programs/4b2bb76c-ed0e-4fd6-94b5-3aecab099783
"2025 푸른 뱀의 해, 설 맞이 EVENT",마감,한달살기,부산,2025년 1월 23일 ~ 2025년 2월 2일,"신세계 모바일 상품권 50,000원",https://www.masil.io/programs/ee217b24-4167-4ee1-9079-42a7f0908f58
코리아둘레길 : 남해 시금치 레이스,마감,한달살기,경남 남해군,2024년 12월 13일 ~ 2024년 12월 22일,"2박3일 숙소(팜프라촌 스테이 2인1실/독채), 시금치 레이스 프로그램, 완주 기념품 지원",https://www.masil.io/programs/d455f64b-c5ee-4f38-9aba-175085d66433
여수시 '가온마을 3주살이 5기',마감,살아보기,전남 여수시,2025년 1월 13일 ~ 2025년 1월 24일,"공연·전시, 청년 강의, 하루 한 끼, 숙소, 여수 로컬 콘텐츠 지원",https://www.masil.io/programs/495d07d1-8db0-43dc-95e6-e88031411838
금산시나브로치유길 인플루언서 팸투어 모집,마감,투어/체험,충남 금산군,2025년 1월 10일 ~ 2025년 1월 18일,"전액지원(집결~해산 교통, 식사, 체험, 숙박, 여행자보험, 기념품)",https://www.masil.io/programs/5d247f16-c217-4b90-962b-b15cf109100f
고창 친환경 관광 캠페인 체험단 '그린 프렌즈',마감,한달살기,전북,2024년 11월 23일 ~ 2024년 12월 15일,"친환경 트래블 키트 + 활동비(원고료 1건당 100,000원)",https://www.masil.io/programs/04b59ae2-5a36-4c99-b414-e932058b7ba6
나만의 인천 여행 코스는? 여행 경비 지원 이벤트,마감,한달살기,인천,2024년 11월 19일 ~ 2024년 11월 19일,"팀별 최대 500,000원 지원",https://www.masil.io/programs/5a5b00c1-ffcf-4cd1-8b0d-7dfb8c340637
"더 시즌즈(The Seasons): 가평 관광 체험기, Winter Feel 가평",마감,한달살기,경기,2024년 11월 25일 ~ 2024년 12월 15일,"1박 숙박 최대 30,000원 + 1일 관광(체험) 최대 20,000원 실비 지원",https://www.masil.io/programs/0cde2052-c1f7-43b9-9c3f-575d75d3ea73
근대어때투어,마감,투어/체험,전북,2024년 12월 7일 ~ 2024년 12월 8일,"3끼 식사·숙박·전통시장 쿠폰 지원, 미션 성공 시 선물 증정",https://www.masil.io/programs/d90f469f-6331-4459-97db-0ce15a0bbcb7
겨울 영월에서 일주일 살기 「Check-in 영월」 참여자 모집 공고,마감,살아보기,강원 영월군,2025년 1월 4일 ~ 2025년 3월 2일,숙박비 및 체험·입장료 실비 지원,https://www.masil.io/programs/972cb933-0253-4af3-830e-a172d28a2ccb
12월 남해 워케이션 숙박/교통비 지원사업,마감,워케이션,경남 남해군,2024년 12월 1일 ~ 2024년 12월 31일,"숙박비 1박 최대 50,000원(최대 3박 150,000원) + 왕복 교통비 최대 50,000원 + 여행자보험 최대 5,000원",https://www.masil.io/programs/2029d155-4b70-488c-b996-ea20f8dcc2eb
여행가는 달 철도 할인 프로모션,마감,할인/혜택,전국,2025.03.07 ~ 2025.04.06,"KTX 연계 관광상품 주중 50%·주말/공휴일 30% 할인, 5개 관광열차 50% 할인, 내일로패스 1만원 할인",https://www.masil.io/programs/59a9a2c6-2a01-4255-bb97-b60af05def80
여행가는 달 렌터카 할인 프로모션,마감,할인/혜택,전국,2025.02.28 ~ 2025.03.31,렌터카 최대 50% 할인,https://www.masil.io/programs/020f46ba-378c-427e-8048-c5e81cb1fc3b
소호259 멤버십 위크(1/10~1/26),마감,한달살기,강원,2025년 1월 10일 ~ 2025년 1월 31일,소호259 숙박 연간이용권 10박 11일 10만원(선착순 100명),https://www.masil.io/programs/6cdc9be6-970b-4154-aaf7-eeb608919e61
성주군 야간관광 SNS 서포터즈 모집,마감,서포터즈,경북,2025년 3월 1일 ~ 2025년 10월 31일,SNS 콘텐츠 제작·홍보 실적에 따라 활동비 차등 지급,https://www.masil.io/programs/c1410e13-42ed-4717-909d-98b029f0f00b
대한민국 구석구석 대학생 기자단 트래블리더 17기 모집,마감,서포터즈,전국,2025.01.23 ~ 2025.02.17,"국내 팸투어·여행 콘텐츠 교육 제공, 미션 수행에 따른 미션비 지급, 수료증 및 우수활동자 시상",https://www.masil.io/programs/ba75ed88-d906-461a-8074-d2568c7a6590
여행으로-컬 소도시여행 이벤트,마감,한달살기,전국,2025.03.04 ~ 2025.03.13,참가비 1인 2만5천원 제외 여행경비 전액 지원(추첨),https://www.masil.io/programs/564098da-ac77-4720-a8d9-6c76734ca8bd
제2기 잼잼발굴단 모집,마감,한달살기,울산,2025년 4월 1일 ~ 2025년 6월 8일,"숙박·체험·여행자보험·울산 내 교통비 지원, 팀당 최대 100만원",https://www.masil.io/programs/512d07a5-a950-48aa-8931-f285a94cb952
3월 여행가는 달,마감,한달살기,광주,2025.03.04 ~ 2025.03.16,"KTX 주중 최대 50%·주말/공휴일 최대 30%, 관광열차 최대 50% 등 교통·숙박·관광 할인",https://www.masil.io/programs/268b6d83-beae-44ac-b0bc-6b50e96614e8
영월읍에서 일주일 살기,마감,살아보기,강원 영월군,2025년 4월 1일 ~ 2025년 6월 30일,숙박비 1박당 1인 5만원·2인 7만원·3인 8만원·4인 9만원 이내 실비 + 체험·입장료 1인 1일 2만원 이내 지원,https://www.masil.io/programs/98d61672-94ed-4a1c-86cd-7c2cd65d1ece
2025년 거창에서 한 달 여행하기,마감,살아보기,경남 거창군,2025.03.19 ~ 2025.04.04,"숙박비 팀당 1일 최대 70,000원 + 체험비 1인 70,000~100,000원 + 보험료 1인 최대 20,000원 + 관광택시 지원",https://www.masil.io/programs/2c88e836-1c2d-477c-97b5-2bf335d765f1
강진군 방문인증 이벤트,마감,미션,전남 강진군,2024.06.14 ~ 2024.06.30,"추첨 경품: 에어팟 프로2, 강진한우 등심구이 세트, 강진 청자 패키지, GS25 기프트카드",https://www.masil.io/programs/cdf93cc1-6f92-48e6-98ac-1b6fca7741c1
제천에서 일주일 살아보기 2024,마감,살아보기,충북 제천시,2024년 7월 10일 ~ 2024년 11월 30일,"1박2일 기준 1인팀 10만원, 2인팀 18만원, 3인팀 25만원, 4인팀 32만원(숙박·체험·교통비)",https://www.masil.io/programs/e1f2cc08-57df-42bf-b47d-6af336c50dc1
새활용 야행 캠프 9기,마감,투어/체험,전북,2024년 10월 7일 ~ 2024년 10월 13일,"교육비 전액 무료 + 게스트하우스 제공(보증금 5만원, 수료 시 반환)",https://www.masil.io/programs/b8eef71b-bb63-4677-bc5a-9d7dbe8bbcff
2024년 거창에서 한 달 여행하기 참가자 모집 공고(2차),마감,살아보기,경남 거창군,2024년 7월 15일 ~ 2024년 8월 31일,숙박비 1박당 5만원 이내 + 체험비 1인 7~10만원 실비 + 관광택시 지원,https://www.masil.io/programs/12ea4db4-9dcf-4512-9ef5-2d8c78010646
「이젠 연천: 연천으로 떠나는 팸투어」,마감,투어/체험,경기,2024년 10월 25일 ~ 2024년 10월 27일,숙박·관광·식사·교통 등 팸투어 경비 일체 지원 + 관광·체험 기념품 제공,https://www.masil.io/programs/1d777eda-864c-4bcc-8a58-98638ddff54a
2024년 동두천 시티투어 프로그램,마감,투어/체험,경기,2024년 6월 19일 ~ 2024년 11월 23일,"회차별 참가비 1만~2.6만원, 나머지 프로그램비·식대 등은 동두천시 지원",https://www.masil.io/programs/a4460487-aede-4c45-9017-09a689b9b5d5
2024 사진작가와 함께하는 ‘통영스냅사진 투어',마감,투어/체험,경남 통영시,2024년 10월 19일 ~ 2024년 11월 3일,"숙박비, 음료·간식, 1일차 저녁·2일차 아침, 스냅사진 데이터 및 사진전 지원",https://www.masil.io/programs/14473eb9-886a-4fc9-817c-1f0b6aa941d7
5차 농도상생 체험투어 참가자 모집,마감,투어/체험,경남 김해시,2024.06.18 ~ 2024.06.28,"전세버스·점심·입장료·체험비·물 제공(참가비 성인 2만원, 아동 1만원, 36개월 미만 무료)",https://www.masil.io/programs/3bea5d15-cb8f-4e7a-a789-e3eda6f146e2
"2024년 경남에서 한 달 여행하기 'wellnessmate, 산청' (2차)",마감,살아보기,경남 산청군,2024년 7월 1일 ~ 2024년 8월 31일,"숙박비 1일 50,000원",https://www.masil.io/programs/438ecea7-c376-4080-b20e-a41ed7868298
2024년 담양에서 일주일 여행하기,마감,살아보기,전남 담양군,2024년 7월 1일 ~ 2024년 12월 31일,1일 최대 15만원(숙박 8만원 + 교통 2만원 + 식비 3만원 등),https://www.masil.io/programs/02ef0ba9-8275-4f58-93e7-f49469ac21ae
'우리 섬 사랑 기부' 이벤트,마감,한달살기,전국,2024년 5월 13일 ~ 2024년 6월 30일,10만원 이상 기부자 추첨: 공연티켓·호텔 1박 숙박권·부대프로그램 참여권 제공,https://www.masil.io/programs/28496315-de60-49ec-9b51-1789233b51dc
2024 성동여행 SNS 서포터즈 모집,마감,서포터즈,서울,2024년 7월 1일 ~ 2024년 12월 31일,활동비 지급(재게시 자료 기준 1인 최대 12만원),https://www.masil.io/programs/b424943b-202c-43b1-aa5b-8d7706bbe0a8
뤁빌리지 지역살이 3기~6기,마감,살아보기,충북,2024년 7월 1일 ~ 2024년 10월 16일,"숙박·교육·체험 무료, 주거·활동공간 무료 제공, 사업기획 멘토링 및 우수 기획 지원 연계",https://www.masil.io/programs/81a102d7-29d2-44bf-9fb8-09e704327171
"2024년 경남에서 한 달 여행하기 'wellnessmate, 산청' (3차)",마감,살아보기,경남 산청군,2024년 10월 1일 ~ 2024년 12월 8일,"숙박비 1일 50,000원",https://www.masil.io/programs/ada2a10e-50ac-47d1-8f0f-b1c8405f372e
황토구들마을 (2기),마감,한달살기,강원 평창군,2024.09.23 ~ 2024.10.07,황토구들마을 내 귀농귀촌 체험 거주공간 제공,https://www.masil.io/programs/c93e2f43-f4bb-4a16-8f5c-13962626a705
정읍시 도시재생과 함께해요 같이 가요 (1박 2일),마감,한달살기,전북,2024년 10월 11일 ~ 2024년 10월 12일,"참가비 무료, 숙박·식사·간식·단체티셔츠·프로그램 지원",https://www.masil.io/programs/5d03e942-c7b6-43b0-b680-e2fd73588fbc
생텀마을 10월 지역살이 프로그램,마감,살아보기,경북,2024년 10월 10일 ~ 2024년 10월 11일,"숙박 제공, 공식 프로그램 운영일 1일 1끼 식사 제공, 프로그램 참가비 면제",https://www.masil.io/programs/eb3e79e2-26e1-4baa-a8e0-1eed73c9862c
2024 삶의 경로 탐색 프로젝트 괴산어때 한달살기 3기,마감,살아보기,충북,2024년 10월 22일 ~ 2024년 11월 16일,숙박·중식·여행자보험 제공 + 활동비 30만원(참가비 5만원),https://www.masil.io/programs/2aebf17d-83ef-4ef2-b477-21201ded252b
2024 괴산어때 올갱이즈:10월편 참여자 모집,마감,한달살기,충북,2024년 10월 25일 ~ 2024년 10월 27일,숙소·여행자보험·괴산 내 교통·식사·웰컴키트·프로그램 제공(참가비 7만원),https://www.masil.io/programs/72328b27-6681-4df8-adc9-7b0742b90e48
광주미미(美味) 맛집리이-뷰 챌린지,마감,미션,광주광역시,2024.09.11 ~ 2024.11.17,선착순 150명 커피쿠폰 + 추첨 짐벌카메라 1명·스마트폰짐벌 3명·3만원 배달쿠폰 10명,https://www.masil.io/programs/6074e80f-94fd-450f-84e8-0342a2a65f50
2024년 담양 행복여행 지원사업 여행참가자 모집 공고,마감,한달살기,전남 담양군,2024년 10월 18일 ~ 2024년 11월 30일,전남 도내 당일 여행상품 1인당 16만원 이내 지원(조건 충족 동행인 추가 지원),https://www.masil.io/programs/7bcc0d13-1d1a-4a10-90bb-2619f9b0d7a4
예밀포도마을 (3기),마감,한달살기,강원 영월군,2024.06.17 ~ 2024.07.01,주거공간 무료 + 체험 프로그램 + 연수비 월 10만원/인 지원,https://www.masil.io/programs/8809b733-0ae5-48b6-8633-94914af7148e
지금 우리 보성여행 (2024 남도에서 한 달 여행하기),마감,살아보기,전남 보성군,2024년 7월 10일 ~ 2024년 11월 30일,"숙박비 80,000원 (2인 1실 기준)",https://www.masil.io/programs/57a5d4e9-e6d4-4d8e-8429-1a567a7a76f2
2024 영도구 모바일 스탬프 투어,마감,미션,부산 영도구,2024.10.01 ~ 2024.11.30,"코스 완주자 5천원 모바일상품권, 전체 코스 완주 2만원, 후기 이벤트 1만원 상품권(추첨)",https://www.masil.io/programs/80ba4f0f-9127-4ba3-9275-d71d55e7f98f
도고 취향살이 편지편: 나에게 쓰는 편지,마감,살아보기,충남,2024년 7월 8일 ~ 2024년 7월 10일,숙소·공유오피스·2박3일 프로그램 무료·여행자보험 제공,https://www.masil.io/programs/96327c50-37ce-4a38-bacb-54ead7d4ea09
2024년 파주시 원도심 투어 프로그램 5회차 ‘문산 이야기길’ 투어,마감,투어/체험,경기,2024년 10월 19일 ~ 2024년 10월 19일,참가비 무료 + 도시재생 마을해설·도라산 평화공원·타일체험 등 프로그램 제공,https://www.masil.io/programs/4db7d3ca-4059-47bd-9b15-597b940834b3
『2024 남도에서 한 달 여행하기 in 함평(2차)』,마감,살아보기,전남 함평군,2024년 10월 10일 ~ 2024년 11월 30일,"숙박비: 80,000원 (2인 1실 기준)",https://www.masil.io/programs/3795c517-747a-43f6-aa1a-12b4a8a6bb59
2024년 「사천에서 한 달 여행하기」 (3차),마감,살아보기,경남 사천시,2024년 11월 1일 ~ 2024년 11월 30일,"숙박비 1박당 50,000원",https://www.masil.io/programs/5b81d753-3f53-4fcd-bc0b-0b4f90f71809
DOGO온천 취향살이_사진편 : 도고담다 6기,마감,살아보기,충남,2024년 10월 14일 ~ 2024년 10월 18일,숙박·공유오피스·프로그램·여행자보험 지원,https://www.masil.io/programs/f16d1268-5a80-41ca-a655-2d8f2005b371
2024년 영월에서 먼저 살아보기 (2기),마감,살아보기,강원 영월군,2024년 11월 4일 ~ 2024년 12월 2일,임시 주거공간 제공 + 참가자 활동비 최대 20만원,https://www.masil.io/programs/b3075f75-c95d-4da5-947a-fb271c20e5a1
2024년 변산에 머뭄 2기,마감,한달살기,전북,2024년 7월 1일 ~ 2024년 7월 14일,변산 지역살이·유기농업 프로그램 참여 및 체류 프로그램 제공,https://www.masil.io/programs/86fc724e-51e3-4c4b-b534-0f5b593cae9c
2024년 『하동형 농촌에서 살아보기“하동에서 1주 어때”』 (9-10기),마감,귀농/귀촌,경남 하동군,2024년 11월 4일 ~ 2024년 11월 29일,"식비 : 1식 9,000원 기준 계산하여 지급(1일 3식, 주말 제외)",https://www.masil.io/programs/90a68f19-84b0-4295-af51-1e4bd68757d6
[가을엔 여기로] 여행가는 가을 기차로 떠나는 로컬 여행,마감,한달살기,전국,2024년 11월 1일 ~ 2024년 11월 24일,참가비 1인 4만9천원 제외 여행경비 전액 지원,https://www.masil.io/programs/9712bf6a-e743-441f-bce4-d323265f26da
예산탐구생활 참가자 모집,마감,한달살기,충남 예산군,2024.10.17 ~ 2024.10.25,예산 케미하우스 무료 + 관광지 투어·청년 네트워킹·정착 및 프로젝트 운영 지원,https://www.masil.io/programs/4a239882-c934-4396-9dc8-4c16790b3e85
"강릉살자 시즌4, 10기 참가자 모집",마감,한달살기,강원 강릉시,2024년 11월 11일 ~ 2024년 12월 6일,"참가비 무료(보증금 별도), 공유주거·공유오피스 및 교육·지역체험 지원",https://www.masil.io/programs/5024b509-c1c1-415c-b9fd-448348562c72
「2024 영광에서 한 달 여행하기」 참여자 모집 공고,마감,살아보기,전남,2024년 11월 1일 ~ 2024년 12월 31일,1인 1일 최대 15만원(숙박 8만원·교통 2만원·식비 3만원·체험 2만원) + 여행자보험 지원,https://www.masil.io/programs/fa7e9373-00d1-4052-9c73-94c8cb6f96fc
나와 예산의 내:일 만들기 '예산탐구생활 7기',마감,한달살기,충남,2024년 7월 2일 ~ 2024년 7월 19일,"예산 케미하우스 무료 제공, 관광지 투어·청년 네트워킹·후속 정착 프로그램 및 공간운영 기회 제공",https://www.masil.io/programs/9206ce0d-8cb6-4611-ab29-88505e200015
2024년 담양 행복여행 지원사업 여행참가자 모집공고(2차),마감,한달살기,전남 담양군,2024년 10월 23일 ~ 2024년 12월 31일,"전남 도내 당일 여행상품 1인 16만원 이내 지원, 거동 불편 장애인 등은 동행 1인 추가 지원",https://www.masil.io/programs/5160b507-4f01-4f4d-89f6-2af623a493e9
양구살이 프로그램 「양구안에서」,마감,한달살기,강원 양구군,2024년 11월 9일 ~ 2024년 11월 24일,숙박 1박 5만원 + 식비 1회 1만원 + 체험 1회 2만원 + 웰컴키트·여행자보험,https://www.masil.io/programs/cf96de21-2c2d-4e3e-9f47-6098a37741ea
Y-Trail in Boeun (로컬 체험 트레킹 프로그램),마감,투어/체험,충북,2024년 11월 16일 ~ 2024년 11월 17일,"캠핑 사이트·전기, 안전교육, 여행자보험, 기념품, 식사 2식 제공(참가비 1인 5만원)",https://www.masil.io/programs/b6e1f027-912e-439c-a7e8-d5f2d4a531f4
백운마을 (2기),마감,한달살기,전남,2024년 7월 2일 ~ 2024년 10월 2일,"농촌에서 살아보기 공통 지원: 참가비 없이 주거·연수 프로그램 제공, 월 15일 이상 성실 참여 시 월 300,000원 연수비 지급",https://www.masil.io/programs/47f36dfd-aa5e-418e-9594-70799c5dfab3
2024년 「경주에서 한 달 살아보기」 2기,마감,살아보기,경북 경주시,2024년 8월 1일 ~ 2024년 10월 31일,1인당 최대 166만원(숙박 팀당 1박 5만원 최대 30일 + 체험 1인 주 4만원 최대 4주),https://www.masil.io/programs/5a360a5c-30db-4b0c-98e7-6dbf62995e2f
취하리 브랜딩 캠프 시즌4,마감,투어/체험,경북 영천시,2024.11.07 ~ 2024.11.17,"참가비 무료, 숙박·지정 식사·와인 제공, 우수 기획안 실제 운영 및 후속 프로젝트 협업 기회",https://www.masil.io/programs/9df045d7-9a34-48e8-b3fe-f2a012b45859
피끝마을 (2기),마감,한달살기,경북 영주시,2024년 7월 1일 ~ 2024년 9월 30일,"농촌에서 살아보기 공통 지원: 참가비 없이 주거·연수 프로그램 제공, 월 15일 이상 성실 참여 시 월 300,000원 연수비 지급",https://www.masil.io/programs/6e96d023-c16e-4d2a-bca0-54be43975177
횡성 관광 미션 스탬프투어,마감,미션,강원 횡성군,2024년 6월 5일 ~ 2024년 11월 30일,6개 관광지 스탬프 미션 참여자 중 매달 20명 경품 제공,https://www.masil.io/programs/a0606c30-3f69-468c-9e10-95884dfece4d
2024년 도시민 귀농어귀촌 팸투어,마감,귀농/귀촌,전남 완도군,2024.10.02 ~ 2024.10.18,"귀농·귀어 지원정책 소개, 선도농장 견학, 농어촌·문화체험 등 팸투어 프로그램 제공",https://www.masil.io/programs/87ced57b-a3d8-47bb-aa2e-7bbd52a367fd
[만남의 망남] 일주일 살기 프로그램 참여자 모집,마감,살아보기,전남 완도군,2024년 10월 13일 ~ 2024년 10월 30일,8박9일 숙소 제공(4인1실) + 셀프인테리어 기술교육·공간기획 프로그램,https://www.masil.io/programs/b858cb10-acd7-4a85-a53a-8786bfe01032
2024 영월에서 일주일 살기 「Check-in 영월」,마감,살아보기,강원 영월군,2024년 5월 1일 ~ 2024년 12월 31일,숙박비 1박당 1인 5만원/2인 7만원/3인 8만원/4인 9만원 + 체험·입장료 1인 1일 2만원 + 우수자 20만원 지역화폐,https://www.masil.io/programs/3af75e59-4426-4d83-870a-de341273abb9
2024년 강원에서 살아보기(귀촌형 2기),마감,귀농/귀촌,강원 영월군,2024년 6월 3일 ~ 2024년 7월 3일,거주 제공·체험프로그램 운영 + 연수비 1인 월 10만원,https://www.masil.io/programs/7b3aac33-0a31-4e65-b15c-b710bcce59eb
생텀마을 힐링 트립 위크 2차,마감,한달살기,경북,2024년 5월 27일 ~ 2024년 6월 2일,"참가비 무료, 숙박 제공, 프로그램 진행일 1일 1끼 식사 제공",https://www.masil.io/programs/ae170ad6-e421-4d08-86e6-f03bf802d49d
2024 남쪽바다 걷기수업,마감,투어/체험,경남 남해군,2024년 6월 8일 ~ 2024년 6월 30일,2박3일 독채 숙박 + 웰니스 프로그램 + 조식 2회·석식 1회 제공(약속비 10만원),https://www.masil.io/programs/a09d1019-b8cc-4810-8fe4-1e0040358228
여행친구 여진구와 떠나는 기차여행,마감,투어/체험,강원 양구군·인제군,2024년 5월 29일 ~ 2024년 5월 29일,추첨 선정 20명 대상 여진구와 양구·인제 로컬 기차여행 및 프로그램 제공,https://www.masil.io/programs/9ede12ba-5f31-4f23-a828-5834fcfb000b
2024 완주에서 살아보기(로컬기획자의 초여름방학),마감,살아보기,전북,2024년 6월 3일 ~ 2024년 7월 12일,6주 숙박(1인1실) + 생활비 60만원 + 프로젝트 실행비 40만원 + 멘토링·지역탐색 지원,https://www.masil.io/programs/69f29d37-d2b8-4192-88f1-0dc79aadb1c1
2024년 단양에서 일주일살기,마감,살아보기,충북,2024년 6월 1일 ~ 2024년 12월 31일,숙박 1일 1인 4만원·2인 6만원·3인 8만원·4인 10만원 + 체험 1인 1일 2만원 + 보험 1인 2만원 이내 실비,https://www.masil.io/programs/a9ce4834-f328-41cd-b7cb-b50bc6d00072
픽키지 체험단 모집,마감,한달살기,충남,2024년 5월 27일 ~ 2027년 6월 5일,파라다이스 스파 도고 40% 할인 + 공방·사진관 등 체험 콘텐츠 무료 이용,https://www.masil.io/programs/68631e33-7e26-4b72-9d36-328d3bfe52ea
"6월엔 여기로 - 여행가는 달, 기차로 떠나는 로컬여행",마감,한달살기,전국,2024년 6월 1일 ~ 2024년 6월 15일,"참가비 1인 49,000원을 제외한 여행경비 전액 지원(다자녀 미성년자 참가비 20,000원)",https://www.masil.io/programs/6b18f3fc-a032-4e96-8698-971c86897085
부산형 워케이션 ART WEEK 프로그램,마감,워케이션,부산,2024년 5월 27일 ~ 2024년 5월 31일,원데이클래스·골목 아트투어·ART 네트워킹 프로그램 제공,https://www.masil.io/programs/dcd1383c-0ae8-4766-a0ff-67e6cab27a8f
2024년 울진군 포토인증 관광이벤트,마감,미션,울산,2024년 6월 1일 ~ 2024년 12월 31일,"매월 30명 경품: 숙박권(3명), 케이블카 2인권+5만원 특산품(7명), 3만원 특산품(20명)",https://www.masil.io/programs/dfec8b9b-5908-46cc-9648-00b34931a036
성주군 농촌에서 살아보기(2기),마감,귀농/귀촌,경북 성주군,2024.05.16 ~ 2024.05.24,숙소·체험프로그램 제공 + 연수비 30만원 지급,https://www.masil.io/programs/d6bdec6e-9b69-4f19-b293-dc4aa210c036
2024년 『하동형 농촌에서 살아보기 “하동에서 3주 어때?”』,마감,귀농/귀촌,경남 하동군,2024년 6월 10일 ~ 2024년 6월 28일,"식비 지원: 1식 8,000원 기준 지급 (1일 3식, 주말 제외)",https://www.masil.io/programs/ab43eff1-daf2-4518-b34b-a1d9540ab9c6
공예路 만나는 부안 스탬프투어,마감,미션,전북,2024년 5월 17일 ~ 2024년 5월 26일,스탬프투어 참여 완료 시 에코백 제공,https://www.masil.io/programs/50e2852c-035b-4b89-9889-01f59a5a4cb9
2024 달서9경 모바일 스탬프투어,마감,미션,대구,2024년 6월 3일 ~ 2024년 11월 30일,스탬프 5개 이상 획득자 중 매월 50명 추첨 1만원 모바일상품권,https://www.masil.io/programs/b59b1835-2fe6-49ac-97b9-1b0692a35095
창창한 촌캉스 생태관광,마감,투어/체험,경남,2024년 6월 1일 ~ 2024년 6월 2일,"생태해설·버스·체험비·간식 지원(참가비 3인 180,000원, 1인 추가 20,000원, 24개월 이하 무료)",https://www.masil.io/programs/b0cad0bb-1ff4-4d55-bab1-5cfabbc3303c
속초 라이프밸리 라이프 스케처,마감,한달살기,강원 속초시,2024년 6월 28일 ~ 2024년 7월 9일,숙소·웰컴키트·프로그램 운영일 1일 1식·커뮤니티룸·공유오피스·지역 프로그램 등 지원,https://www.masil.io/programs/9700bb46-9ad7-4de3-b55d-1176106d87bd
워케이션 in 경상북도 '일쉼동체',마감,워케이션,경북,2024년 3월 1일 ~ 2024년 12월 31일,경북 워케이션 상품 이용 지원(숙박·공유오피스·지역 체험 연계),https://www.masil.io/programs/7ee8e266-4956-42f1-8b9a-3f719342553d
「남도 장흥에서 한 달 여행하기」,마감,살아보기,전남 장흥군,2024.05.16 ~ 2024.05.22,"숙박비: 최대 80,000원 (1팀당 1일)",https://www.masil.io/programs/2849b5c6-b326-4d9d-af58-19550f72e454
2024 청촌맛 여행 3차 (@담양),마감,한달살기,전남 담양군,2024년 6월 6일 ~ 2024년 6월 8일,"숙박비·식비·체험비·교통비 등 전체 행사비의 80% 지원(참가비 1인 50,000원)",https://www.masil.io/programs/dc9080a4-2eb4-4bf1-911b-b38a8af72ce2
동대문구 도장깨기,마감,미션,서울 동대문구,2024년 5월 4일 ~ 2024년 11월 17일,문화관광해설사 동행 투어 제공(참가비 5천원),https://www.masil.io/programs/e798144b-7cb7-427e-849d-f828a628327d
"미추홀 시간여행, 고고(古古)발굴단",마감,한달살기,인천 미추홀구,2024.05.17 ~ 2024.05.25,"간식·기념품 및 프로그램 제공(참가비 1인 10,000원)",https://www.masil.io/programs/4b0a5d72-808e-42a7-8a2b-9eb85ef472b3
2024년 농촌에서 살아보기 1기 (생림면 도요마을),마감,귀농/귀촌,경남 김해시,2024년 5월 27일 ~ 2024년 7월 26일,2~3개월 임시주거 제공 및 농촌생활·영농 관련 프로그램 지원,https://www.masil.io/programs/c9450f9e-e22c-469e-9d53-92eab5c435dc
2024 영덕군 영해면 살아보기,마감,살아보기,경북 영덕군,2024.05.20 ~ 2024.06.02,"4주 주거공간 + 1인 프로젝트비 30만원, 정착 희망자 30만원 바우처, 로컬체험·교육·웰컴키트 제공",https://www.masil.io/programs/67c20f3d-1140-4a19-8d8e-62cc08870cd5
「2024 함평군 행복여행 지원사업」 여행 참가자 모집,마감,한달살기,전남 함평군,2024.05.29 ~ 2024.06.18,"관광취약계층 당일 여행상품 1인 16만원 이내 지원, 거동 불편 장애인·70세 이상 저소득층은 동행 1인 추가 지원",https://www.masil.io/programs/9db847ae-26e4-4018-bd12-d8f5c4494006
"[대한항공 이벤트] 하와이, 댈러스, 샌프란시스코로 여러분을 초대합니다",마감,한달살기,해외(미국),2024년 5월 1일 ~ 2024년 6월 30일,"하와이·댈러스 항공권 5% 할인, 샌프란시스코 항공권 7% 할인",https://www.masil.io/programs/e9a1aaa9-5464-43aa-8d7d-7cfbc7504da1
[대한항공 이벤트] 호주의 구석구석을 만나보세요!,마감,한달살기,해외(호주),2024년 5월 3일 ~ 2024년 6월 30일,시드니·브리즈번행 항공권 10% 할인 + 항공권 구매 응모 경품 이벤트,https://www.masil.io/programs/d04df0f0-461b-4828-bcde-969189d37ab7
청정 자연 속 야(夜)밤 무주투어,마감,투어/체험,전북,2024.05.16 ~ 2024.05.24,프로그램 참가비 전액 지원,https://www.masil.io/programs/f6d736a4-f0ba-4174-8d0d-7a134c8d6593
2024년 전북특별자치도 팸투어 '워케이션 in전북',마감,워케이션,전북,2024년 6월 11일 ~ 2024년 6월 13일,"2박3일 숙박비·식비 전액, 입장·체험비·여행자보험 지원 + 원고료 10만원 및 미션 인센티브",https://www.masil.io/programs/cd03e5bb-2cf8-4c35-9ee8-8ed4ed306653
진천 뤁빌리지 지역살이 (5월),마감,살아보기,충북,2024년 5월 27일 ~ 2024년 5월 29일,"숙박·교육·체험 무료, 주거·활동공간 무료 제공, 멘토링·정착지원 연계",https://www.masil.io/programs/aa01dd8f-d69b-4177-8785-4be9277284d7
봄축제 맞이 안동 관광택시 요금할인 이벤트,마감,할인/혜택,경북,2024년 3월 25일 ~ 2024년 12월 31일,"관광택시 5만원 할인(승용 10만→5만원, 승합 20만→15만원) + 리뷰 참여 시 웰컴키트",https://www.masil.io/programs/00edc226-6633-49fb-836c-9a85682bcb13
전북청년 마을만들기 프로그램,마감,한달살기,전북,2024년 6월 3일 ~ 2024년 6월 14일,4박 5일 농촌체험·지역 프로그램 제공,https://www.masil.io/programs/069138a4-df00-4ea9-b9a7-8fd6a374a460
2024년 수목원정원 스탬프 투어,마감,미션,전국,2024년 1월 1일 ~ 2024년 12월 31일,스탬프 달성 시 반려식물 교육키트·자생식물 기념주화 등 기념품 제공,https://www.masil.io/programs/45776f0d-5009-4f04-8134-1385f21181f7
포항시티투어,마감,투어/체험,경북 포항시,2024년 1월 1일 ~ 2024년 12월 31일,"시티투어 이용요금: 종일코스 성인 6,000원, 청소년·수급자·장애인·유공자·경로우대 4,000원",https://www.masil.io/programs/d5b7bac9-9b9e-4753-8e46-4fdf7a059d7d
"[2024 여행가는달] 6월 숨은 여행 찾기, 로컬 재발견",마감,한달살기,전국,2024년 6월 1일 ~ 2024년 7월 14일,"KTX 주중 최대 50%·주말 최대 30%, 관광열차 최대 50%, 내일로패스 1만원 할인",https://www.masil.io/programs/10f393b5-0183-4af2-811d-86956742d371
자연특별시 괴산 일단 살아보기 (1차),마감,살아보기,충북,2024년 5월 28일 ~ 2024년 7월 31일,숙박 팀당 1일 7만원 + 체험 1인 1일 최대 2만원 + 여행자보험 1인 2만원,https://www.masil.io/programs/a09213b5-af73-415c-95df-931c2c8194ee
제1회 거북섬 달콤축제 해양레저 체험 프로그램 접수,마감,한달살기,경기,2024년 5월 18일 ~ 2024년 5월 18일,카약·바나나보트·요트·보트 무료 체험,https://www.masil.io/programs/c5ccdfbb-a54d-4eb1-82af-bf7559337dc1
`광양에서 행복 찾기` 외국인 숲속 힐링 체험행사,마감,한달살기,전남 광양시,2024년 6월 15일 ~ 2024년 6월 15일,참가비 무료 + 산림욕·명상·아로마테라피·족욕·풍물놀이 등 프로그램 제공,https://www.masil.io/programs/1c5af4d5-69d0-4a9a-908d-1740c3aa2912
[대한항공 이벤트] 누구나 꿈꾸는 여행지 튀르키예🪂 항공 10% 할인,마감,할인/혜택,해외(튀르키예),2024.05.20 ~ 2024.07.21,대한항공 튀르키예 노선 항공권 10% 할인,https://www.masil.io/programs/a7c6db1c-ed2d-46aa-8df6-053567e67f1a
낙동강따라 자연관광 모바일스탬프투어,마감,미션,부산·경남 양산시·김해시,2024년 6월 1일 ~ 2024년 11월 30일,스탬프 미션 달성 시 1인당 최대 4만원 모바일상품권,https://www.masil.io/programs/87cd2c3b-ca3f-4a4d-b385-bc30a89935c1
2024 삶의 경로 탐색 프로젝트 괴산어때 한달살기 1기,마감,살아보기,충북,2024년 6월 11일 ~ 2024년 7월 4일,숙박·중식·여행자보험 제공 + 활동비 30만원(참가비 5만원),https://www.masil.io/programs/37d9e6c5-326d-4409-84fe-e0fb1040fdf7
"[2024 여행가는달] 6월 숨은 여행 찾기, 로컬 재발견 (항공)",마감,한달살기,전국,2024년 6월 11일 ~ 2024년 7월 14일,"1. 항공운임 20,000원 할인",https://www.masil.io/programs/332dc19f-ca65-4d6f-948f-3638ad6496ca
300만원 SOL게요! 신한 SOL트래블 해외원정대,마감,한달살기,해외,2024년 7월 1일 ~ 2024년 8월 31일,1인 200만원 해외여행 경비 + 우수 미션 수행 시 100만원 추가(최대 300만원) + 굿즈,https://www.masil.io/programs/a87d15f9-f4d0-409a-9806-da3473c97f46
2024 전남 관광취약계층 행복여행활동 지원사업 신청자 추가모집,마감,한달살기,전남,2024년 5월 27일 ~ 2024년 12월 31일,"장애인·저소득층 대상 전남 도내 당일 여행상품 지원, 일부 대상 동행 1인 추가 지원",https://www.masil.io/programs/46245c6d-4c43-454f-938b-2d328abbeee7
수험생 할인 받아 경북 여행가자,마감,할인/혜택,경북,2023년 11월 16일 ~ 2024년 2월 29일,"경주엑스포 입장 무료, 경주월드 50%, 청도 레일바이크 30%, 군파크루지 최대 50% 할인",https://www.masil.io/programs/9080625e-c84d-4e3c-b259-9a4c218e6079
2023 이주환대프로젝트 '강릉 살아보기',마감,살아보기,강원 강릉시,2023년 12월 1일 ~ 2023년 12월 15일,체류 숙소 제공 + 강릉 생활 프로그램 체험비·입장료 지원,https://www.masil.io/programs/4571aebc-1048-41da-b7f7-7239d4f58aec
2023년 전라남도 행복여행 지원사업,마감,한달살기,전남 완도군,2023년 12월 2일 ~ 2023년 12월 24일,"1박2일 여행상품 자부담 없이 지원(저소득층 본인 최대 35만원, 장애인 본인 35만원·동행 23만원 이내)",https://www.masil.io/programs/8ac2d33f-eb54-495b-bbfe-c1412e8d3a13
2023년 동구 관광객 인센티브 지원사업,마감,한달살기,울산,2023년 9월 26일 ~ 2023년 12월 31일,"단체 당일 1인 1만원·숙박 4만원, 개별 당일 1인 2만원·숙박 4만원 인센티브",https://www.masil.io/programs/2df1ed08-2873-49df-9091-d67134956300
2023년 광주 북구 개별관광객 인센티브 지원사업,마감,한달살기,광주,2023년 11월 20일 ~ 2023년 12월 31일,"당일 1인 2만원(팀 최대 10만원), 숙박 1인 3만원(팀 최대 15만원)",https://www.masil.io/programs/8451adf0-2c83-4c46-8976-daf4084b97c4
문화관광해설사와 함께하는 스탬프 투어,마감,미션,광주,2023년 11월 16일 ~ 2023년 11월 30일,스탬프투어 참여 및 설문 완료 시 편의점 쿠폰 경품 제공,https://www.masil.io/programs/c0de62b2-d0a7-437a-828e-3716c29e7d8f
일과 휴식 - 평창 워케이션,마감,워케이션,강원 평창군,2023년 11월 17일 ~ 2023년 12월 17일,평창 1박2일 숙박+지정 체험 참여 시 1인 활동비 5만원 지원,https://www.masil.io/programs/09d6b523-4927-4ac4-b9e2-6ef75d55bdfe
제주 민간형 워케이션 참여하기(2차모집),마감,워케이션,제주,2023년 10월 6일 ~ 2023년 12월 15일,오피스·숙박 바우처 1인 1일 3만원(최대 14일) + 여가프로그램 1인 주 5만원(최대 2회),https://www.masil.io/programs/7941aeee-5e78-497a-bcbb-f4f65ffd3f59
의성국가지질공원 모바일 스탬프투어,마감,미션,경북 의성군,2023년 11월 15일 ~ 2023년 12월 25일,"스탬프 수에 따라 스타벅스·맘스터치·BBQ 기프티콘, 후기 이벤트 의성사과즙 경품",https://www.masil.io/programs/7833e743-641e-4b97-bda0-d8726a4af6b0
2024년 영주시 SNS 홍보단,마감,서포터즈,경북 영주시,2023.11.15 ~ 2023.12.04,"채택 원고 원고료 지급 + 팸투어 및 행사 실비 지원, 우수활동자 표창",https://www.masil.io/programs/06f5f6a5-7e70-4550-b4a3-68008d3e9574
김해 원도심 도보투어 체험단,마감,투어/체험,경남 김해시,2023년 11월 28일 ~ 2023년 11월 28일,소정의 사례비 + 체험쿠폰·기념품·여행자보험 제공,https://www.masil.io/programs/3c769558-7d6f-4e85-833c-a07f13bf9dfb
경북 웰니스 팸투어,마감,투어/체험,경북,2023년 11월 25일 ~ 2023년 12월 10일,경북 웰니스 관광지 팸투어 프로그램 참가 지원 (웰니스 관광 체험 및 팸투어 일정 운영),https://www.masil.io/programs/d6e07623-ea0c-41fb-abd0-ad570a50aee3
도시청년 하동에서 살아보기,마감,살아보기,경남 하동군,2023년 11월 27일 ~ 2023년 12월 11일,숙박 + 1일 2식 + 이동 차량 + 체험·강의 무료 제공,https://www.masil.io/programs/6ffa2ec8-3b07-49a9-b7c7-cfbfc10b6183
대만 여행지원금,마감,한달살기,해외(대만),2023년 5월 1일 ~ 2025년 6월 30일,"5,000 NTD(약 20만원) 전자바우처 또는 숙박 할인쿠폰(추첨)",https://www.masil.io/programs/f1ebec63-75dc-4bd9-93ef-81280ee508d2
2023년 「나눔의 숲 캠프」,마감,투어/체험,강원,2023년 11월 17일 ~ 2023년 12월 1일,숲 프로그램 2종 + 1박 숙박 + 식사 2식 제공,https://www.masil.io/programs/2aeacad6-f927-485e-b9aa-207b5effae6f
2023년 진안군 알뜰관광 지원사업(4차),마감,한달살기,전북,2023년 11월 15일 ~ 2023년 12월 11일,관내 지출·SNS 인증 조건에 따라 5만원·10만원·15만원 지원,https://www.masil.io/programs/b1b405ea-9dcf-499c-ace7-7df51d4f1932
제11차 농도상생 체험투어(칠산서부편/클라우드베리&행복한이동네협동조합),마감,투어/체험,경남 김해시,2023년 11월 25일 ~ 2023년 11월 25일,"점심식사·체험 프로그램 제공(참가비 성인 2만원, 아동 1만원, 36개월 미만 무료)",https://www.masil.io/programs/605918ce-0c2c-47e3-8aa3-08f48d3a8c6f
"경남에서 한 달 여행하기 사업 ‘Wellnessmate, 산청’ (4차)",마감,살아보기,경남 산청군,2023년 11월 15일 ~ 2023년 12월 15일,"숙박비 1일 50,000원",https://www.masil.io/programs/931bf7f1-6658-4555-9f33-0348f7117d58
Time To Travel 문경,마감,한달살기,경북 문경시,2023년 11월 18일 ~ 2023년 11월 18일,"입장·체험비, 교통, 식사·다과, 여행자보험, 가이드, 취·창업 컨설팅 제공",https://www.masil.io/programs/5c161803-6f65-4604-bb2d-8a39745ad5c6
서천 청년농부와 함께하는 '웰니스 팜케이션',마감,한달살기,충남,2023년 11월 18일 ~ 2023년 11월 19일,"1박2일 프로그램 전액 지원(무료 참가, 노쇼 방지 예약금 20,000원은 일정 종료 후 환급)",https://www.masil.io/programs/54078105-71fa-4e8e-9af1-0cdee6129bac
지역 여행 연계 수산식품 소비촉진 기획전,마감,한달살기,경남,2023년 11월 ~ 2023년 12월 31일(매주 금·토요일),"전통시장에서 수산식품 구매 시 지역 관광·숙박업소에서 1인당 최대 50,000원 할인 쿠폰 제공",https://www.masil.io/programs/7b1c08b2-3258-4d5a-b725-690af49e7db3
세컨하우스 살아보기 시범운영 참가자 모집 공고,마감,살아보기,전북,2023년 12월 4일 ~ 2023년 12월 30일,세컨하우스 이용(사용료 1박 5만원),https://www.masil.io/programs/ee38160a-2fe4-4309-81d1-1f714e13a65f
2023년 우리가족행복캠프 3기,마감,투어/체험,경기,2023년 11월 18일 ~ 2023년 11월 19일,참가비 무료 + 숙소·식사·프로그램 제공,https://www.masil.io/programs/e3666121-7239-460f-beca-64b743c3c2d8
2023 경남 미식여행 50% 할인 프로모션,마감,할인/혜택,경남,2023년 11월 1일 ~ 2023년 12월 15일,"50% 할인 (최대금액 30,000원, 결제 시 자동 적용)",https://www.masil.io/programs/7a6da50d-2f9d-46da-80ee-7d73e9d57758
디지털 관광주민증 (하동군),마감,할인/혜택,경남 하동군,상시 발급,무료 발급 + 지역 제휴처별 숙박·식음·관람·체험·쇼핑 등 할인/혜택,https://www.masil.io/programs/62c64d25-fdae-47ce-be03-f341437cd981
디지털 관광주민증 (남원시),마감,할인/혜택,전북 남원시,상시 발급,무료 발급 + 지역 제휴처별 숙박·식음·관람·체험·쇼핑 등 할인/혜택,https://www.masil.io/programs/ed097a2b-6973-4c6a-b4b8-853d88c452c9
디지털 관광주민증 (제천시),마감,할인/혜택,충북 제천시,상시 발급,무료 발급 + 지역 제휴처별 숙박·식음·관람·체험·쇼핑 등 할인/혜택,https://www.masil.io/programs/6ec0e2eb-157d-46d9-a1ed-3aa7bdc6130a
디지털 관광주민증 (연천군),마감,할인/혜택,경기 연천군,상시 발급,무료 발급 + 지역 제휴처별 숙박·식음·관람·체험·쇼핑 등 할인/혜택,https://www.masil.io/programs/a2122f8b-9f5d-4301-a4be-2daaea30f132
서천 미션투어,마감,미션,충남,2023년 11월 6일 ~ 2023년 11월 24일,"미션 완료 시 1인당 50,000원, 최대 4인 200,000원 여행경비 지원",https://www.masil.io/programs/2154fc61-d466-43de-977f-03ceca30be2a
2024 인천 관광 콘텐츠 취재원,마감,서포터즈,인천광역시,2024.01.05 ~ 2024.01.31,"콘텐츠당 10~15만원 취재비, 실비 발생 시 별도 협의",https://www.masil.io/programs/abf8fb8e-1a04-4f28-b769-79972aada0c2
2024 문경시 SNS 서포터즈,마감,서포터즈,경북 문경시,2024.01.05 ~ 2024.01.21,원고료 지급 + 팸투어 등 활동비 지원,https://www.masil.io/programs/c9311a28-ddfa-4071-9d09-b39742ead3ad
겨울기차여행 KTX무브 특별할인혜택,마감,할인/혜택,전국,2023.12.08 ~ 2024.01.31,KTX 최대 10% 선할인 + 연계교통상품 추가 할인 + 무브 이용금액권 증정,https://www.masil.io/programs/6ca6dc90-a67c-40c3-9aee-846310f730a2
"부산, 워케이션",마감,워케이션,부산광역시,2023년 12월 13일 ~ 2024년 6월 30일,"숙박 1박 5만원 할인(5~10박), 전용 사무공간 무료, 5만원 관광바우처, 웰컴키트 제공",https://www.masil.io/programs/28ed8fa6-8745-4463-a739-116086cf3cb7
2024년 순창군 개별관광객 숙박비 및 체험비 지원사업,마감,한달살기,전북,2024년 1월 5일 ~ 2024년 12월 31일,체험비 50% 이내(1인 최대 1만원) + 숙박비 1박당 1인 최대 1만원,https://www.masil.io/programs/45498126-2f92-446d-b99d-23da55e5f018
부안관광 SNS 홍보단,마감,서포터즈,전북,2024년 2월 1일 ~ 2024년 12월 31일,매월 제작·홍보 실적에 따른 활동비 + 취재 시 유료관광시설 무료입장 + 팸투어 참여 기회,https://www.masil.io/programs/2ada8ade-f5f9-4ee1-8d52-1b5d6dab99d7
「겨울 진안 낭만 스테이」,마감,한달살기,전북,2024년 1월 13일 ~ 2024년 2월 29일,관내 지출·SNS 인증 조건에 따라 5만원·10만원·15만원 여행지원비 지급,https://www.masil.io/programs/64e5d2d0-f461-4e81-85d5-cfb907dc9210
2024 울주 블로그 기자단,마감,서포터즈,울산,2024년 1월 1일 ~ 2024년 12월 31일,"채택 콘텐츠 원고료 1건 5만원, 월 1~3건",https://www.masil.io/programs/fa227483-77d0-4e07-948f-53aad38042e8
2024년 영월 귀농귀촌 동네작가 모집,마감,귀농/귀촌,강원 영월군,2024년 2월 1일 ~ 2024년 11월 30일,"콘텐츠 1건 5만원, 동영상 1건 10만원(월 최대 15만원)",https://www.masil.io/programs/9fc10f1e-279f-4968-8005-eae945b396ad
제13기 하동군 SNS 기자단,마감,서포터즈,경남 하동군,2024.01.02 ~ 2024.01.15,콘텐츠 원고료 지급(1인 월 최대 14만원) + 위촉장·기자증·역량강화 교육,https://www.masil.io/programs/608c0c20-f36e-46ea-b761-b85a62172182
2024 남원시 블로그 기자단,마감,서포터즈,전북 남원시,2024.01.04 ~ 2024.01.14,"개인 블로그 및 남원시 블로그에 게시된 기사에 한해 소정의 원고료 지급(1건당 50,000원, 월 2건)",https://www.masil.io/programs/10c3d4d8-45fc-4ff9-94c6-d1eab1363e3f
2024년 '여행할 때 곡성어때' 인센티브 지원사업,마감,한달살기,전남,2024년 1월 1일 ~ 2024년 12월 31일,"체험상품비 50%(1인·1일 최대 50,000원), 숙박비 객실당 30,000원, 버스임차비 대당·1일 300,000원 지원",https://www.masil.io/programs/b04287d8-3227-4b74-add6-cdc1d80df657
2024 제2차 경춘선 낭만과 추억 여행 지원 프로그램,마감,한달살기,경기·강원,2024년 2월 1일 ~ 2024년 3월 15일,"신청 단체별 여행경비 200,000원 지원",https://www.masil.io/programs/d2a70456-76f0-48d0-ae48-45092f9139ba
신년맞이 섬진강기차마을 증기기관차·레일바이크 할인,마감,할인/혜택,전남,2024년 1월 10일 ~ 2024년 3월 31일,"증기기관차+레일바이크 묶음상품 할인(최대 50%), 기차마을 입장료 50%·가정역 카페 20% 추가 할인",https://www.masil.io/programs/cfb2bba7-9d19-4f3b-a71f-5fefd7d512f6
세종특별자치시 제12기 블로그 기자단,마감,서포터즈,세종,2024년 2월 1일 ~ 2024년 12월 31일,"기사 원고료: 블로그 3·5·7만원, 번역 1~5만원 + 우수활동 포상",https://www.masil.io/programs/a8e16549-e922-43c8-befc-e8062bcea7c3
2024 강진 반값 여행 (2월),마감,한달살기,전남 강진군,2024년 2월 9일 ~ 2024년 3월 10일,"강진 여행비용의 50%를 강진사랑상품권으로 지급(가족당 소비액에 따라 최대 200,000원)",https://www.masil.io/programs/35eec898-0d43-4c0e-89b4-31b19b0120ec
2024년 남해군 관광객 유치 인센티브 지원사업,마감,한달살기,경남 남해군,2024년 1월 15일 ~ 2024년 12월 31일,지원기준 충족 시 서류심사 후 관광객 유치 인센티브 지급,https://www.masil.io/programs/17e82395-0865-4542-8e26-c904ab9efa8d
"(2024 전남형 청년마을 만들기 프로그램) '일상, 쉼'",마감,한달살기,전남 보성군,2024년 1월 27일 ~ 2024년 1월 28일,"참여비 전액 지원(노쇼 예방비 30,000원 선입금)",https://www.masil.io/programs/bdbfbd61-28de-4afb-89d1-ae224e67446b
2024년 광주 북구 개별관광객 인센티브 지원사업,마감,한달살기,광주,2024년 1월 15일 ~ 2024년 12월 31일,지원기준을 충족한 1~5인 내·외국인 개별관광객에게 인센티브 지급,https://www.masil.io/programs/645d3414-a683-47e2-8343-6c3866e0e4ec
"'청년, 고흥 모여라!' 프로그램 참여자 모집",마감,한달살기,전남 고흥군,2024년 1월 31일 ~ 2024년 2월 2일,"2박3일 숙박·식비·체험 프로그램 지원(참가비 10,000원, 집결지까지 교통비 본인 부담)",https://www.masil.io/programs/63d80f34-a179-467e-90fb-dc5b3fde2d4e
【친구야! 놀러가자 사업】참가자 모집 공고,마감,한달살기,경남 고성군,2024년 2월 1일 ~ 2024년 12월 31일,"1인 최대 20만원 여행경비 실비지원(숙박 1일 7만원 이내, 식비 1식 8천원 이내, 교통·체험·입장료 실비)",https://www.masil.io/programs/fabd84c9-54c8-4265-904f-389fd50e500b
2024년 용인시 SNS 시민 서포터즈,마감,서포터즈,경기,2024년 3월 1일 ~ 2024년 12월 31일,채택 콘텐츠 원고료 + 우수 서포터즈 활동지원금 + 행사 참여 기회,https://www.masil.io/programs/71b08f00-4af9-4f3f-bbf5-db6902025c4b
제9기 행복도시 동해 SNS 서포터즈,마감,서포터즈,강원 동해시,2024년 2월 2일 ~ 2024년 12월 15일,원고료 등 활동보상 월 최대 20만원 + 우수 서포터즈 시상 가능,https://www.masil.io/programs/7c67fa0d-d63f-4002-90cf-3e19346cac51
2024년 강진군 귀농귀촌 동네작가 모집,마감,귀농/귀촌,전남 강진군,2024년 3월 1일 ~ 2024년 11월 30일,"콘텐츠 건당 30,000원 내외 (월 한도 제한)",https://www.masil.io/programs/7c0090c6-01f6-4b8d-b1e8-789e64764f94
상주 숨은여행찾기,마감,한달살기,경북,2023년 11월 24일 ~ 2023년 11월 26일,"최우수팀 40만원 상당 상품, 우수팀 20만원 상당 상품, 전원 기념품",https://www.masil.io/programs/cc806aea-df96-4b92-b244-807534e7b338
「사천에서 한 달 여행하기」 (3차) 추가 모집,마감,살아보기,경남 사천시,2023년 11월 15일 ~ 2023년 11월 30일,"- 숙박비 1일 50,000원",https://www.masil.io/programs/464096e3-a8ff-4285-94ef-a525b1ad8226
"야(夜)놀자, 여수진남상가 스탬프투어 행사",마감,미션,전남 여수시,2023년 11월 4일 ~ 2023년 11월 4일,"진남상가 당일 구매 영수증 지참 시 체험 프로그램 무료, 6개 스탬프 완료 시 선물 제공",https://www.masil.io/programs/4e7e384d-33c7-4401-93a7-89d4e44f9858
2023 목포시 「남도 숙박할인 BIG 이벤트」,마감,할인/혜택,전남 목포시,2023년 10월 30일 ~ 2023년 12월 15일,숙박 1박 기준 7만원 미만 2만원 / 7만원 이상 10만원 미만 3만원 / 10만원 이상 4만원 할인(통상 최대 10박),https://www.masil.io/programs/f55ed788-6f09-4010-a8d7-93e47281b987
2023 보령 한달살이(겨울편),마감,살아보기,충남 보령시,2023년 11월 16일 ~ 2023년 12월 15일,"숙박비 1일 70,000원",https://www.masil.io/programs/358e12a2-7ea8-46c4-9060-e3c376c577a9
Team Deskless,마감,한달살기,강원,2023년 11월 1일 ~ 2023년 11월 30일,콘텐츠 제작비 50만원 + 숙소비 5만원 지원,https://www.masil.io/programs/0ed520d2-ffe4-46cb-a0b0-99ca02603590
경기북부 5박 6일 ESG로 살아보기,마감,살아보기,경기,2023년 11월 13일 ~ 2023년 11월 18일,참가비 무료(숙박·식사·여행자보험·프로그램 참가비 지원),https://www.masil.io/programs/91821644-8a1e-4a5d-ad3b-1504bef9416f
"「하동으로, 여행 가자!(경남에서 한 달 여행하기)」 (4차)",마감,살아보기,경남 하동군,2023년 10월 23일 ~ 2023년 12월 8일,"숙박비 1일 50,000원",https://www.masil.io/programs/a9d60a59-07fd-4a1d-97a1-ebe87893dc6d
서부산 랜드마크 스탬프 투어,마감,미션,부산광역시,2023.11.08 ~ 2023.11.26,"등급별 30만원·20만원·10만원 부산 호텔숙박권, 참여상 5천원 카페 이용권",https://www.masil.io/programs/e9cb9e07-57d3-44f5-ac1e-d0f6fef614e4
2023년 원도심 투어프로그램 5회차 「도시재생 티켓팅」,마감,투어/체험,경기,2023년 11월 25일 ~ 2023년 11월 25일,참가비 무료 + 도시재생 마을해설·투어버스 지원,https://www.masil.io/programs/5f5e0617-c179-4b8b-9d88-4ee4438b7eed
Time To Travel 경주,마감,한달살기,경북 경주시,2023년 12월 2일 ~ 2023년 12월 2일,"입장·체험비, 교통, 식사·다과, 여행자보험, 가이드, 취·창업 컨설팅 제공",https://www.masil.io/programs/b4028641-2c6e-4283-af84-7122f9d9dc14
동계시즌 춘천문화관광활성화를 위한 인플루언서 팸투어,마감,투어/체험,강원 춘천시,2023년 12월 16일 ~ 2023년 12월 17일,숙박·식사·체험비·입장료 등 지원,https://www.masil.io/programs/0b1263cc-6c2e-4d90-8063-daeb276d2795
태안으로 어케이션(漁케이션) - 어촌마을 살아보기,마감,귀농/귀촌,충남 태안군 남면,2023년 12월 11일 ~ 2023년 12월 15일,"4박 5일 어촌 체류 프로그램 제공 (어촌생활 체험, 지역 주민·업체 교류, 귀어·정착 관련 정보 체험)",https://www.masil.io/programs/3529fa9e-3fe5-4a2b-a303-07d781e73a07
지질공원해설사와 함께하는 지구시간여행! 스탬프투어,마감,미션,부산,2023년 11월 24일 ~ 2023년 12월 31일,해설 프로그램 참여 후 스탬프 수에 따라 기념품 증정,https://www.masil.io/programs/93ca3a8c-4d96-4a65-948a-bad20a9b207e
장흥군 행복여행활동 지원사업,마감,한달살기,전남 장흥군,2023년 3월 1일 ~ 2023년 12월 31일,관광취약계층 당일 여행상품 지원(장애인은 본인+동반자 1인 총 30만원 지원),https://www.masil.io/programs/fcf52f95-5569-4a3c-98e9-efdbdfaf8483
목포 SNS 여행 서포터즈,마감,서포터즈,전남 목포시,2023년 12월 7일 ~ 2023년 12월 8일,교통·식사·간식·숙박 등 100% 지원 + 기념품,https://www.masil.io/programs/508beb1d-7bca-4233-a33f-bf058e04f8ff
2024년 제7기 안동시 SNS기자단 모집,마감,서포터즈,경북,2024년 1월 1일 ~ 2024년 12월 31일,채택 기사 원고료(2023년 기준 건당 5만원) + 우수기사 인센티브 + 관광지 무료관람·행사 실비,https://www.masil.io/programs/8bf7efa2-e082-4254-b399-71d5d7a4add0
구미시 여행리포터즈,마감,한달살기,경북 구미시,2024년 1월 1일 ~ 2024년 12월 31일,소정의 활동비·콘텐츠 제공료 + 관광 축제·행사 참여 기회,https://www.masil.io/programs/543bc66c-5f21-41b0-ab80-592a3e81f253
예비귀어인 대상 어촌 살아보기,마감,살아보기,경남 통영시,2023.10.17 ~ 2023.11.10,통영 귀어 희망자 대상 어촌지역 임시 거주공간 제공 및 귀어 정착 지원,https://www.masil.io/programs/6ac1a6b6-19d3-4662-abe6-80d6ca88e517
2023 여수시「남도 숙박할인 BIG 이벤트」,마감,할인/혜택,전남 여수시,2023년 6월 19일 ~ 2023년 12월 15일,숙박 1박 기준 7만원 미만 2만원 / 7만원 이상 10만원 미만 3만원 / 10만원 이상 4만원 할인(통상 최대 10박),https://www.masil.io/programs/90ec27a6-9bfa-4fb4-8db9-45db4208dc9d
일탈/함께+힐링= 하동 한 달 살기,마감,살아보기,경남 하동군,2023년 10월 4일 ~ 2023년 11월 29일,참가비 무료,https://www.masil.io/programs/7c4e5eeb-13c0-4e6d-8712-90e42baf78da
순천시 남도 숙박할인 BIG 이벤트,마감,할인/혜택,전남 순천시,2023.04.04 ~ 2023.12.10,숙박 1박 기준 7만원 미만 2만원 / 7만원 이상 10만원 미만 3만원 / 10만원 이상 4만원 할인(통상 최대 10박),https://www.masil.io/programs/ea040770-c7dc-4b55-bdca-87785c92e80f
비토썸 (사천),마감,한달살기,경남 사천시,2023년 7월 28일 ~ 2023년 12월 15일,"숙박 1박당 최대 5만원(최대 29박), 체험비 50%(최대 3종), 1인 2만원 쿠폰 지원",https://www.masil.io/programs/bcd7a205-11cf-40ac-8522-2659e754e560
디지털 관광주민증 (신안군),마감,할인/혜택,전남 신안군,상시 발급,무료 발급 + 지역 제휴처별 숙박·식음·관람·체험·쇼핑 등 할인/혜택,https://www.masil.io/programs/22567bd7-a3d5-4748-9b07-32ed5e1de304
나주 「2023년 남도 숙박할인 BIG 이벤트」,마감,할인/혜택,전남,2023년 6월 7일 ~ 2023년 12월 14일,숙박 1박 기준 7만원 미만 2만원 / 7만원 이상 10만원 미만 3만원 / 10만원 이상 4만원 할인(통상 최대 10박),https://www.masil.io/programs/ae4bf5f3-b058-4c3e-af37-70f557085fba
2023 광양 남도 숙박할인 BIG 이벤트,마감,할인/혜택,전남 광양시,2023년 1월 18일 ~ 2023년 11월 30일,숙박 1박 기준 7만원 미만 2만원 / 7만원 이상 10만원 미만 3만원 / 10만원 이상 4만원 할인(통상 최대 10박),https://www.masil.io/programs/ed64ef8c-51a2-4a2f-8583-8daf9480023f
2023 화순 남도 숙박할인 BIG이벤트,마감,할인/혜택,전남,2023년 6월 7일 ~ 2023년 12월 17일,숙박 1박 기준 7만원 미만 2만원 / 7만원 이상 10만원 미만 3만원 / 10만원 이상 4만원 할인(통상 최대 10박),https://www.masil.io/programs/76d1b1a7-305e-41b2-8dea-600379d2e8a2
「2023년 장흥군 남도 숙박할인 BIG 이벤트」,마감,할인/혜택,전남,2023년 5월 1일 ~ 2023년 12월 20일,숙박 1박 기준 7만원 미만 2만원 / 7만원 이상 10만원 미만 3만원 / 10만원 이상 4만원 할인(통상 최대 10박),https://www.masil.io/programs/e764b0c7-be43-4b5b-8a64-51253a10ab40
2023 영암 남도 숙박할인 BIG 이벤트,마감,할인/혜택,전남 영암군,2023년 4월 24일 ~ 2023년 12월 18일,숙박 1박 기준 7만원 미만 2만원 / 7만원 이상 10만원 미만 3만원 / 10만원 이상 4만원 할인(통상 최대 10박),https://www.masil.io/programs/9bb53f87-a75e-4056-9bf6-b593a3295fcc
'2022~2023 전라남도 방문의 해' 완도군 남도 숙박할인 Big 이벤트,마감,할인/혜택,전남 완도군,2023년 5월 8일 ~ 2023년 12월 31일,숙박 1박 기준 7만원 미만 2만원 / 7만원 이상 10만원 미만 3만원 / 10만원 이상 4만원 할인(통상 최대 10박),https://www.masil.io/programs/04f0e813-58b8-4da4-b40f-86e78c823e92
2023 진도 남도 숙박할인 BIG 이벤트,마감,할인/혜택,전남 진도군,2023년 8월 1일 ~ 2023년 12월 15일,숙박 1박 기준 7만원 미만 2만원 / 7만원 이상 10만원 미만 3만원 / 10만원 이상 4만원 할인(통상 최대 10박),https://www.masil.io/programs/7e286db7-2298-419e-81ea-b2143864fccd
함평 「2023년 남도 숙박할인 BIG 이벤트」,마감,할인/혜택,전남 함평군,2023년 8월 1일 ~ 2023년 12월 5일,숙박 1박 기준 7만원 미만 2만원 / 7만원 이상 10만원 미만 3만원 / 10만원 이상 4만원 할인(통상 최대 10박),https://www.masil.io/programs/40e30fcc-8caa-42f6-b1ef-a3ec05dcbab2
2023 재외동포 경남 한 달 여행하기 참여자 모집,마감,살아보기,경남,2023년 9월 15일 ~ 2023년 12월 15일,1인 최대 50만원(숙박·식비·체험·입장·보험·픽업/샌딩 등 항목별 지원),https://www.masil.io/programs/2fc756b4-95ea-4d38-9d43-b320af32fe31
경북나드리 이벤트 럭키세븐 경북 여행 100선,마감,한달살기,경북,2023년 6월 중 진행,"관광지 인증 시 1천~5천원 상품권, 연말 실적 추첨 100만원 호텔숙박권 등 경품",https://www.masil.io/programs/86b791f7-7cf2-4a23-840c-45f1052f82f4
여행을 일상처럼 함양 온데이(on day),마감,한달살기,경남 함양군,2023년 4월 1일 ~ 2023년 11월 30일,숙박비·조식비·체험비 50% 지원,https://www.masil.io/programs/5ffcaa05-f64f-4121-aa4d-4492775ea4eb
반려동물과 함께 충주로Oh!개,마감,한달살기,충북 충주시,2023.08.01 ~ 상시모집,1인당 10만원 여행상품 요금 할인,https://www.masil.io/programs/c114e260-8fda-4ae9-8ee7-b42740807b49
해남에 살러와 땅끝으로 마실나와 땅끝마실,마감,한달살기,전남 해남군,2023년 5월 1일 ~ 상시모집,"객실당 숙박비 40% 할인, 조식 최대 2회, 세면도구 키트 제공, 피크닉 세트 선착순 무료대여",https://www.masil.io/programs/29a4c56d-a733-491d-b166-7ee1c623cee7
디지털 관광주민증 (부산 영도구),마감,할인/혜택,부산 영도구,상시 발급,무료 발급 + 지역 제휴처별 숙박·식음·관람·체험·쇼핑 등 할인/혜택,https://www.masil.io/programs/f0455a2a-923e-4539-a084-5c92fdb0d860
디지털 관광주민증 (고령군),마감,할인/혜택,경북 고령군,상시 발급,무료 발급 + 지역 제휴처별 숙박·식음·관람·체험·쇼핑 등 할인/혜택,https://www.masil.io/programs/7318307e-e796-46a3-97bd-74b775702ef5
디지털 관광주민증 (거창군),마감,할인/혜택,경남 거창군,상시 발급,무료 발급 + 지역 제휴처별 숙박·식음·관람·체험·쇼핑 등 할인/혜택,https://www.masil.io/programs/95f76ef2-e9de-4e7f-94b6-7850d598e0c5
디지털 관광주민증 (정선군),마감,할인/혜택,강원 정선군,상시 발급,무료 발급 + 지역 제휴처별 숙박·식음·관람·체험·쇼핑 등 할인/혜택,https://www.masil.io/programs/658e11f3-79f0-45fd-af3e-21e964b310e5
디지털 관광주민증 (평창군),마감,할인/혜택,강원 평창군,상시 발급,무료 발급 + 지역 제휴처별 숙박·식음·관람·체험·쇼핑 등 할인/혜택,https://www.masil.io/programs/3ac4081c-e7db-4b37-b93e-e865bb911677
영암 단기살이 프로그램,마감,한달살기,전남 영암군,2023년 8월 31일 ~ 2023년 10월 31일,기숙사 2인1실 숙소 + 2식 + 프로그램 + 프로젝트 미션·재료비 지원,https://www.masil.io/programs/86f72872-63fc-4d70-8a24-b65e29224906
경기서부 핫플 할인받고 다니자,마감,할인/혜택,경기,2023.07.01 ~,경기서부 7개 도시 문화·관광·레저 21개 시설 이용료 10~100% 감면,https://www.masil.io/programs/a7a0cd12-fd67-48fa-93dc-ff641de815f9
공공플랫폼 탐나오 제주여행 할인이벤트 `다시ON제주`,마감,할인/혜택,제주,2023.12.22 ~ 2024.02.18,"숙박·렌터카 최대 30%, 관광지·맛집·특산품 최대 40% 할인 + 조건 충족 시 1만원 기프티콘",https://www.masil.io/programs/40e51acc-4d77-49b1-bed2-9d4e34ad48ff
"2023 청년, 귀농귀촌 괴산로컬캠프",마감,귀농/귀촌,충북,2023년 9월 15일 ~ 2023년 11월 5일,"숙박·식사·농가체험·지역축제 등 전 일정 무료(노쇼 방지 2만원, 수료 시 환불)",https://www.masil.io/programs/e1b98c77-63bd-4afc-bef2-50006f4d44f3
2023년 거창에서 한 달 여행하기 참가자 모집(3차) 추가공고,마감,살아보기,경남 거창군,2023년 10월 20일 ~ 2023년 11월 30일,"- 숙박비 1일 50,000원",https://www.masil.io/programs/037316a4-4087-4abe-89d2-44026561049a
「로맨틱 목포·신안 일주일살기 6회차」,마감,살아보기,전남 목포시,2023년 10월 20일 ~ 2023년 10월 26일,"- 숙박비 1일 50,000원 한도 내 숙박비의 최대 80% 지원",https://www.masil.io/programs/d12eab26-afc9-4dad-b514-0ff9a27c4e05
「2023년 경남 고성 한 달 살아보기」 (3차),마감,살아보기,경남 고성군,2023년 10월 2일 ~ 2023년 12월 31일,"- 숙박비 1일 50,000원",https://www.masil.io/programs/9cada30a-23e4-4de8-b6aa-7afd724c24b9
금산에서 일주일 살아보기 5기,마감,살아보기,충남 금산군,2023년 11월 6일 ~ 2023년 11월 12일,농촌체험비·숙박·단체버스·식비 일부(총 8식) 지원(참가비 1인 10만원),https://www.masil.io/programs/470bf71d-7ce8-4859-b232-0846f018eac8
2023년 곡성 행복여행활동 지원사업,마감,한달살기,전남,2023년 11월 1일 ~ 2023년 12월 31일,"관광취약계층 대상 전남 도내 당일 여행상품 지원, 거동 불편 장애인은 동행 1인 추가 지원",https://www.masil.io/programs/6fb7daca-c482-4664-b2a8-44ef23b852b2
2023년 의성에서 1주 살아보기,마감,귀농/귀촌,경북 의성군,2023.09.27 ~ 2023.10.17,"식대, 강사비, 숙박비 지원 + 의성군 현황·귀농귀촌 정책 안내 + 대표작목 농업현장 견학 및 체험",https://www.masil.io/programs/f4731d88-a682-4f87-90a2-42a6074075e1
강동구민과 함께하는 완주에서 살아보기,마감,살아보기,전북,2023년 10월 24일 ~ 2023년 10월 26일,"버스·식사·숙박·여행자보험 지원(자부담 40,000원)",https://www.masil.io/programs/937ad8d6-147d-4d18-9922-9f4442e0843b
2023년 진도군 행복여행 지원사업 (추가 모집),마감,한달살기,전남 진도군,2023년 11월 13일 ~ 2023년 11월 17일,"장애인 본인 350,000원+동행 230,000원(2인 580,000원), 저소득층 본인 350,000원 상당 1박2일 여행상품 지원",https://www.masil.io/programs/6ea4b299-cf5a-423c-8039-e2df13aad704
계양 관광지 스탬프투어 이벤트,마감,미션,인천,2023.09.11 ~ 2023.10.31,200명 추첨 1만원 상당 모바일상품권,https://www.masil.io/programs/d5bfd324-e6ba-41e8-bc0b-354bd5ae0c8c
국제농업박람회 관람하고 전남 관광지 할인 받으세요!,마감,할인/혜택,전남,2023년 10월 12일 ~ 2023년 10월 22일,국제농업박람회 입장권 소지자 대상 전남 주요 관광지 최대 50% 할인,https://www.masil.io/programs/63a5d550-49fd-4cd3-95b6-0aa6edae901e
경기북부 5박6일 ESG로 살아보기,마감,살아보기,경기,2023.10.30 ~ 2023.11.12,참가비 무료(숙박·식사·여행자보험·프로그램 참가비 지원),https://www.masil.io/programs/791239af-43c4-4e47-b85b-f0cc8ac2e9dc
대전 미션투어 대전 가보자GO!,마감,미션,대전광역시,2023년 4월 1일 ~ 2023년 11월 30일,"미션 수행·증빙 시 1인당 최대 50,000원, 최대 4인 200,000원 여행경비 지원",https://www.masil.io/programs/b73efcf1-d847-41f5-90c9-6dcc01a1358b
보은으로 5GO 미션투어,마감,미션,충북,2023년 10월 10일 ~ 2023년 11월 1일,"※ 여행경비는 125,000원 초과 시 소득공제 (8.8%) 후 지급됩니다.",https://www.masil.io/programs/9dcc465d-af01-491d-ad48-3c1d7161de47
2023 보령 섬투어 인센티브 지원 계획 공고,마감,투어/체험,충남 보령시,2023년 4월 1일 ~ 2023년 12월 31일,"식비·숙박비·체험비·승선료 일부 지원(당일 최대 2.5만원, 1박 최대 5만원 범위 실비)",https://www.masil.io/programs/bd40ce2c-aa68-4024-a6da-96057a3b6494
(영주시) 2023년 일주일 살아보기 참여 프로그램,마감,살아보기,경북 영주시,2023년 9월 18일 ~ 2023년 12월 15일,숙박비 1인 1박 최대 3만원 + 체험비 1인 1일 최대 2만원(식비 포함),https://www.masil.io/programs/27fe7907-208f-4585-acb8-923b6df02e88
[신안군] 2023년 전남 관광취약계층 행복여행활동 지원사업 2차 여행참가자 모집 공고,마감,한달살기,전남,2023년 10월 12일 ~ 2023년 11월 30일,"1박2일 여행상품 1인 최대 350,000원, 거동 불편 장애인 동행 1인 최대 230,000원 추가 지원",https://www.masil.io/programs/436c10d9-04dd-4ae6-ac1d-aac17118ceca
2023년 핫한영월 먼저 살아보기 참가자(6기) 모집 공고,마감,살아보기,강원 영월군,2023년 11월 1일 ~ 2023년 11월 30일,주거공간 제공 + 활동비 월 30만원,https://www.masil.io/programs/ae8b4e2e-0cb5-4ce0-bf44-fdedcc2fc535
[목포시] 2023년「전남관광취약계층 행복여행활동 지원사업」 2차 참가자 모집,마감,한달살기,전남 목포시,2023년 8월 26일 ~ 2023년 12월 10일,"관광취약계층 대상 전남 도내 당일 여행상품 지원, 거동 불편 장애인 동행 1인 추가 지원",https://www.masil.io/programs/e1f366b2-240a-4293-8db8-486d7268d816
남해에서 만드는 나만의 친환경 여행! - 탄탄남해 챌린저 모집,마감,한달살기,경남 남해군,2023년 11월 3일 ~ 2023년 12월 4일,활동지원금 1인팀 10만원·2인팀 13만원·3인팀 16만원·4인팀 20만원,https://www.masil.io/programs/0241772b-a441-48a3-9a0c-1bc5efc94809
꿀벌청년 진안 한달살기 - 청년 진안을 물들이다,마감,살아보기,전북,2023년 11월 20일 ~ 2023년 12월 15일,"기간 중 숙박시설·지역 적응/교육 프로그램·진안군 시설 이용권·웰컴키트 제공(입주비 100,000원, 보증금 50,000원은 수료 시 반환)",https://www.masil.io/programs/bc1ba11b-e1c0-40ba-93cc-f81f5a9af038
전남 해남에서 즐기는 너나들이 해남 미션투어,마감,미션,전남 해남군,~ 2023.11.20,"1인 5만원, 최대 4인(팀 최대 20만원) 지원",https://www.masil.io/programs/9132fb84-fad7-4375-8488-bdec89d9854c
인지상주 2박3일 리얼상주체험,마감,한달살기,경북,2023년 10월 27일 ~ 2023년 10월 29일,2박3일 숙박·체험·식사 제공,https://www.masil.io/programs/038ccadd-b4a9-49ab-a32c-34d4f2ef4e2a
2023년 슬기로운 전북여행,마감,한달살기,전북,2023.04.01 ~ 2023.11.30,"참여 도내 숙박 업체에서 1박 이상 숙박하는 경우 1인 10,000원 지원",https://www.masil.io/programs/0e0deccc-df09-4e09-bc2e-52adc5849a5d
농촌체험관광 DMZ마켓 연계 팸투어,마감,투어/체험,강원 철원군,2023년 10월 28일 ~ 2023년 10월 29일,철원 농촌체험관광 DMZ마켓 연계 1박2일 팸투어 여행 지원,https://www.masil.io/programs/3c2d9c29-15ad-41b9-9f6c-b257fa87a520
"지금 우리, 보성여행(남도에서 한 달 여행하기) 2차",마감,살아보기,전남 보성군,2023년 11월 1일 ~ 2023년 11월 30일,숙박비·교통비·식비·관광비·여행자보험 등 지원,https://www.masil.io/programs/36585a7f-4699-4f86-a3f1-9176aa00d383
[파주여행택시 이벤트]나의 여행타입? 나의 파주여행! (1차),마감,한달살기,경기,2023년 10월 18일 ~ 2023년 10월 26일,"파주 여행택시 기본 3시간 이용요금 60,000원 지원 + 후기 작성 시 커피쿠폰",https://www.masil.io/programs/6012e36a-5479-4a5e-a7ca-0175e6e7a02a
[파주여행택시 이벤트]나의 여행타입? 나의 파주여행! (2차),마감,한달살기,경기,2023년 10월 30일 ~ 2023년 11월 10일,"파주 여행택시 기본 3시간 이용요금 60,000원 지원 + 후기 작성 시 커피쿠폰",https://www.masil.io/programs/8632a247-fe83-4372-9336-16f2ad958851
2023 파랑바람 소셜투어 Wellness 양양,마감,투어/체험,강원 양양군,2023년 10월 26일 ~ 2023년 10월 27일,숙박·요트체험·식사·네트워킹·해변요가·비치코밍 등 전체 행사 무료,https://www.masil.io/programs/1b6fda12-54ed-4842-9f6a-a4f31568cad0
"2023 청년남도 문화관광체험 페스티벌 우리, 목포로 커뮤니티 네트워킹 투어",마감,투어/체험,전남 목포시,2023년 10월 28일 ~ 2023년 11월 19일,참가비 1만원에 1박2일 숙박·식사·체험 제공,https://www.masil.io/programs/155f13cb-552a-451a-b53b-3eca672d6111
남해로 On (관광주민증),마감,할인/혜택,경남 남해군,2023년 8월 1일 ~ 상시,무료 관광주민증 + 남해군 제휴 관광사업체 할인 및 사은품,https://www.masil.io/programs/0603c156-4184-494f-8afe-64c292c09b5f
여순10.19사건 전국화를 위한 유적지 답사,마감,한달살기,전남,~ 2023.11.03,답사 경비 전액 + 중식·간식·자료집 제공,https://www.masil.io/programs/3383a9a6-c56a-4588-b81c-c61f77d1b8c6
신안 디지털관광주민증 발급 EVENT 신안 구석구석 여행하고 혜택 받자,마감,할인/혜택,전남,2023년 10월 10일 ~ 2023년 12월 3일,커피 기프티콘(500명 추첨),https://www.masil.io/programs/b244f1c3-d7e8-4435-8c54-4979b8144f0d
2023년 DMZ생태관광지역 지정 및 육성사업 프로그램,마감,한달살기,강원 양구군,2023년 10월 20일 ~ 2023년 12월 5일,DMZ 생태관광 프로그램을 무료 또는 할인된 가격으로 제공,https://www.masil.io/programs/86a4a3d3-c2de-4db7-bce2-3ed8545bfb2e
10기 우리동네 마을캠프 (금초권역센터),마감,투어/체험,충남,2023년 11월 11일 ~ 2023년 11월 12일,프로그램 비용 전액 지원,https://www.masil.io/programs/90908c60-b3cd-40da-9a82-a361a4cef2d6
무제한 경기여행 경기투어패스,마감,투어/체험,경기,상시모집,경기도 내 약 80개 관광시설을 48시간 자유 이용할 수 있는 통합 이용권,https://www.masil.io/programs/34a74828-a5a2-4dd8-8069-950cabaf1195
곡성군 남도 숙박할인 BIG 이벤트,마감,할인/혜택,전남 곡성군,2023.09.04 ~ 2023.12.10,"숙박 1박당 70,000원 미만 20,000원 / 70,000~100,000원 미만 30,000원 / 100,000원 이상 40,000원 할인(최대 10박)",https://www.masil.io/programs/c5c77e9c-5879-4a27-938a-d1c6e654ea9b
[구례군] 2023 남도 숙박할인 BIG 이벤트,마감,할인/혜택,전남 구례군,2023년 10월 11일 ~ 2023년 12월 22일,"숙박 1박당 70,000원 미만 20,000원 / 70,000~100,000원 미만 30,000원 / 100,000원 이상 40,000원 할인",https://www.masil.io/programs/08fa6be6-0202-410a-ad96-73c8e81d5339
나만의 어(魚)행기,마감,한달살기,전국,2023.10.12 ~ 2023.11.30,"1개 코스 이상 완주(50명 추첨): 지역특산품 30,000원 상당",https://www.masil.io/programs/9a194933-06c8-41bb-8ea4-bfd5f7f8f676
[장성군] 2023년 남도 숙박할인 BIG 이벤트,마감,할인/혜택,전남,2023년 6월 26일 ~ 2023년 12월 10일,"숙박 1박당 70,000원 미만 20,000원 / 70,000~100,000원 미만 30,000원 / 100,000원 이상 40,000원 할인",https://www.masil.io/programs/d20dd5b4-0a17-4af2-8a90-1f869874b41d
꿈마 3기 : 고(흥의) 향,마감,한달살기,전남 고흥군,2023년 11월 6일 ~ 2023년 11월 22일,"공유한옥 숙박·생활가전·일부 생필품·체험활동비·여행자보험·프로그램 식사 지원(보증금 100,000원 환급형)",https://www.masil.io/programs/8e2cd259-90ab-453a-8907-fc2a4fcc0c89
2023 인천청년한달살기,마감,살아보기,인천광역시,2023.10.23 ~ 2023.10.30,네트워크형 숙소·프로그램 제공 / 자기주도형 활동비 200만원 지원,https://www.masil.io/programs/fed9b97c-e06c-4914-a37b-aa0032517c9d
한국방문의 해와 함께하는 2023 대한민국 숙박세일 페스타 (전국편),마감,한달살기,전국,2023.10.27 ~ 2023.11.24,국내 숙박 할인권 제공(참여 온라인여행사에서 1인 1매),https://www.masil.io/programs/01650800-62bd-4475-8ad5-c129bbcbf532
상주스테이,마감,한달살기,경북,2023년 10월 1일 ~ 2023년 12월 31일,"숙소 무료 이용(보증금 5만원, 퇴실 시 환급)",https://www.masil.io/programs/8bea2787-7933-43e8-bd6d-101348e5b3f0
2023 함안에서 한 달 살기 (3차),마감,살아보기,경남 함안군,2023년 11월 4일 ~ 2023년 12월 15일,숙박 팀당 1박 5만원 + 체험 1인 최대 5만원 실비,https://www.masil.io/programs/9b9f5615-4728-435b-abb2-10f7894abc49
「예산 어디까지 가봤니?!」 군민팸투어,마감,투어/체험,충남,2023.10.23 ~ 2023.11.03,지역 관광·체험 팸투어 여행 프로그램 지원,https://www.masil.io/programs/c265cdee-fa9b-4561-a070-e0fdea024f6a
남해 생활관광 '여행이 필요할 때 남해',마감,한달살기,경남 남해군,2023.07.20 ~ 2023.12.31,2박3일 숙소·체험·원데이클래스·관광지 이용권 등 패키지 최대 50% 할인,https://www.masil.io/programs/ece8a487-a2ab-4b08-89bb-232797c78442
로컬과 연결되는 동네살이 로컬 mix 편,마감,한달살기,전북,2023년 11월 8일 ~ 2023년 11월 12일,4박5일 숙박(1인1실)·워킹스페이스·식비 9끼·로컬 프로그램·웰컴키트 지원,https://www.masil.io/programs/27804f2a-0bec-4c46-b7b5-608ee57f2316
동두천 보산 문화 로드 시범 투어,마감,투어/체험,경기 동두천시,~ 2023.11.02,"여행자 보험‚ 지역 선물 증정, 비용 지급 200,000원",https://www.masil.io/programs/d64a9380-6b20-4a48-a268-c26caf1dc8b2
시간여행101과 함께하는 미션투어,마감,미션,전북 전주시·군산시·고창군·부안군,2023.10.25 ~ 2023.11.17,"1인 50,000원, 일행당 최대 4인·최대 200,000원 지원 (최대 400명)",https://www.masil.io/programs/e3208b81-c5bc-40fc-9a20-b6e31e18da9c
「김해로 가야해 팸투어」,마감,투어/체험,경남 김해시,2023년 11월 21일 ~ 2023년 11월 22일,숙식·교통·관광·체험·기념품·여행자 단체보험 지원,https://www.masil.io/programs/5fae0822-c765-40e4-93eb-3b151b0d40ec
[신안군] 2023년 전남 관광취약계층 행복여행활동 지원사업 3차 여행참가자 모집 공고,마감,한달살기,전남,2023년 10월 31일 ~ 2023년 11월 30일,"1박2일 여행상품 1인 최대 350,000원, 거동 불편 장애인 동행 1인 최대 230,000원 추가 지원",https://www.masil.io/programs/bc4e41be-bc35-40b4-9501-aa4b93f61ec7
베이비부머 농촌 한달 체험 참가자 모집,마감,살아보기,경기,2023년 11월 18일 ~ 2023년 12월 17일,한 달간 개별 주거공간 및 교육프로그램 제공,https://www.masil.io/programs/8b8bf620-d150-43f9-ba8e-a5c826d2d13e
고라데이마을 휴가비 지원,마감,한달살기,강원 횡성군,2023년 6월 9일 ~ 2023년 12월 31일,"- 객실당 최대 18만원 지원 (1인 1박 15,000원, 최대 4인까지)",https://www.masil.io/programs/10635cc0-d601-46ea-a5b7-b2a3b3e59ab7
나와 예산의 빈칸 채우기 예산 탐구생활,마감,한달살기,충남,2023년 11월 9일 ~ 2023년 11월 17일,8박9일 숙소 무료 + 관광지 투어·네트워킹·정착 지원 및 추가 숙박 기회,https://www.masil.io/programs/1a3f7b54-04b6-4bdf-8f26-99dd95aa4edf
디지털 관광주민증 (태안군),마감,할인/혜택,충남 태안군,상시 발급,무료 발급 + 지역 제휴처별 숙박·식음·관람·체험·쇼핑 등 할인/혜택,https://www.masil.io/programs/b51af865-8e4e-46a5-a718-631a4ddc92dd
디지털 관광주민증 (옥천군),마감,할인/혜택,충북 옥천군,상시 발급,무료 발급 + 지역 제휴처별 숙박·식음·관람·체험·쇼핑 등 할인/혜택,https://www.masil.io/programs/2941acc2-ec37-4b49-b354-c3cd3b517ed3
디지털 관광주민증 (단양군),마감,할인/혜택,충북 단양군,상시 발급,무료 발급 + 지역 제휴처별 숙박·식음·관람·체험·쇼핑 등 할인/혜택,https://www.masil.io/programs/bc0e0c19-1b5c-4899-b9a8-42624993456d
디지털 관광주민증 (인천 강화군),마감,할인/혜택,인천 강화군,상시 발급,무료 발급 + 지역 제휴처별 숙박·식음·관람·체험·쇼핑 등 할인/혜택,https://www.masil.io/programs/5d287f4b-23ac-4944-897d-4fea91d085bb
「사천에서 한 달 여행하기」 (3차),마감,살아보기,경남 사천시,2023년 10월 1일 ~ 2023년 11월 30일,"- 숙박비 1일 50,000원",https://www.masil.io/programs/0083ee17-cf58-4747-b7bc-6ee92ffba7dc
공주에서 살아보기,마감,살아보기,충남,2023년 10월 1일 ~ 2023년 11월 30일,"- 숙박비 1일 70,000원",https://www.masil.io/programs/dba5139e-2c50-4a94-91f0-e3e022e231fc
디지털 관광주민증 (고창군),마감,할인/혜택,전북 고창군,상시 발급,무료 발급 + 지역 제휴처별 숙박·식음·관람·체험·쇼핑 등 할인/혜택,https://www.masil.io/programs/0fb6aa0e-fa7e-4af9-b8a7-116378d41e82
2023년 진도군 행복여행 지원사업,마감,한달살기,전남 진도군,2023.09.13 ~ 2023.09.26,"관광취약계층 대상 전남도내 1박2일 여행상품 지원(본인 최대 350,000원, 거동 불편 장애인 동행 지원)",https://www.masil.io/programs/897632ff-7ff2-4858-9373-3e6d31b20731
2023 인천 시민체험단 모집,마감,한달살기,인천광역시,2023.09.06 ~ 2023.09.30,관광코스 무료체험(무료 관광지는 소정 활동비) + 우수 체험단 10명 호텔·캠핑·시티투어 이용권 등,https://www.masil.io/programs/b1b6680a-ccf3-4e79-8f00-f102f5bf1fc8
진안군 알뜰관광 지원사업 (3차),마감,체험여행,전북 진안군,2023.09.21 ~ 2023.09.27,"- 10만원 이상 관내 지출(2개소 이상) 50,000원",https://www.masil.io/programs/0015b402-be61-433e-923c-14fc5db5267c
2023 DOGO온천 취향살이 사진편,마감,살아보기,충남,2023년 10월 10일 ~ 2023년 10월 14일,숙소·공유오피스·3박4일 프로그램 무료·여행자보험·로컬 네트워킹 제공,https://www.masil.io/programs/87e094ab-b553-481e-ad4d-b397a5ecb881
2023 라이프 워케이션 6팀 (속초),마감,워케이션,강원,2023년 10월 8일 ~ 2023년 10월 14일,숙박·웰컴키트·프로그램일 1일1식·커뮤니티룸·공유오피스·프로그램 제공,https://www.masil.io/programs/e22b388e-3113-4861-b2fa-8a114615563e
2023 라이프 워케이션 7팀 (속초),마감,워케이션,강원,2023년 10월 22일 ~ 2023년 10월 28일,숙박·웰컴키트·프로그램 진행일 1일1식·커뮤니티룸·공유오피스·프로그램 지원,https://www.masil.io/programs/86795d65-93b1-4929-9384-4931e0624f9c
고흥 떳!다방 : 팝업 카페,마감,한달살기,전남 고흥군,2023년 10월 22일 ~ 2023년 10월 28일,공유한옥 숙박·생활가전·일부 생필품·견학·체험활동비·여행자보험 지원,https://www.masil.io/programs/ff7dd920-f3e9-4285-a3b0-143c22250bcf
2023 괴산에서 2박3일 살아보기,마감,살아보기,충북,2023년 10월 7일 ~ 2023년 11월 30일,"숙박 팀당 1박 최대 60,000원, 체험·입장료 1인 최대 25,000원, 식비 1인 최대 30,000원 실비 지원",https://www.masil.io/programs/a0403431-bb50-4ae1-9ff5-16653e5ec4db
2023 대한민국 숙박세일 페스타 추석편,마감,한달살기,전국,2023년 9월 27일 ~ 2023년 10월 15일,"50,000원 초과 국내 숙박상품 구매 시 30,000원 할인쿠폰 1인 1매",https://www.masil.io/programs/58e8cd94-f24d-4bfd-ba4a-dfdcf194b999
설렘 가득 합천 미션 투어,마감,미션,경남 합천군,2023년 10월 4일 ~ 2023년 11월 7일,"미션 완료 시 1인당 50,000원, 최대 4인 지원",https://www.masil.io/programs/009b1fc4-4048-4f5f-8a45-b935f53ce305
단양에서 일주일살기(단양일기) 참가자 모집 공고,마감,살아보기,충북,2023년 10월 26일 ~ 2023년 12월 14일,"숙박비 1인 50,000원/2인 60,000원/3인 70,000원/4인 80,000원, 체험비 1인·1일 10,000원 지원",https://www.masil.io/programs/26ffa153-4fd6-4fd9-9c4f-5d2d33507433
"2023 경남에서 한 달 여행하기 「요즘 김해, 지금 여행」 (2차)",마감,살아보기,경남 김해시,2023년 7월 1일 ~ 2023년 9월 30일,"- 숙박비 1일 50,000원",https://www.masil.io/programs/aa96994d-f46e-42ee-8291-f09337358767
"2023 경남에서 한 달 여행하기 「요즘 김해, 지금 여행」 (3차)",마감,살아보기,경남 김해시,2023년 10월 1일 ~ 2023년 11월 30일,"- 숙박비 1일 50,000원",https://www.masil.io/programs/28198581-2baf-45f6-bae2-7a0b5cbadd60
"2023년 밀양 한 달 살이 「살아보소, 밀양」",마감,살아보기,경남 밀양시,공고별 모집기간 운영(2023년),"- 숙박비 1일 50,000원",https://www.masil.io/programs/1956be62-5bd6-493d-ba75-d9437a98153e
내가 그린 함양에서 한 달 여행하기 (3차),마감,살아보기,경남 함양군,2023년 8월 1일 ~ 2023년 9월 30일,"- 숙박비 1일 50,000원",https://www.masil.io/programs/81cfbaf8-5fd1-4997-9943-3d412212ae41
"'거제에서 한 달, 숨 쉼' (1차)",마감,살아보기,경남 거제시,2023년 4월 1일 ~ 2023년 5월 31일,"- 숙박비 1일 50,000원",https://www.masil.io/programs/26dac25d-73b5-4171-b55a-d11419b4b730
"'거제에서 한 달, 숨 쉼' (2차)",마감,살아보기,경남 거제시,2023년 6월 1일 ~ 2023년 7월 31일,"- 숙박비 1일 50,000원",https://www.masil.io/programs/563f20a5-1908-4d2a-a2e3-51f55531c9cf
"'거제에서 한 달, 숨 쉼' (3차)",마감,살아보기,경남 거제시,2023년 9월 1일 ~ 2023년 10월 31일,"- 숙박비 1일 50,000원",https://www.masil.io/programs/a034e308-89c1-421b-9448-d186127c8ccb
"2023년 「일상 off, 양산으로 on」 양산에서 한 달 여행하기 (1차)",마감,살아보기,경남 양산시,2023년 4월 10일 ~ 2023년 5월 31일,"- 숙박비 1일 50,000원",https://www.masil.io/programs/8a4a0d4f-0539-406c-ad02-07856a78b351
"2023년 「일상 off, 양산으로 on」 양산에서 한 달 여행하기 (2차)",마감,살아보기,경남 양산시,2023년 7월 1일 ~ 2023년 8월 31일,"- 숙박비 1일 50,000원",https://www.masil.io/programs/a1b02f03-b33b-427c-b974-a6b626ffe3b1
"2023년 「일상 off, 양산으로 on」 양산에서 한 달 여행하기 (3차)",마감,살아보기,경남 양산시,2023년 10월 1일 ~ 2023년 11월 30일,"- 숙박비 1일 50,000원",https://www.masil.io/programs/96494942-c893-4047-a003-fdb469a9a841
"2023년 「here, UR 여기, 의령에서 한 달 여행하기」 (1차)",마감,살아보기,경남 의령군,2023년 4월 1일 ~ 2023년 6월 30일,"- 숙박비 1일 50,000원",https://www.masil.io/programs/7656df40-1d4b-472b-8104-e6523f08ebf2
"2023년 「here, UR 여기, 의령에서 한 달 여행하기」 (2차)",마감,살아보기,경남 의령군,2023년 7월 1일 ~ 2023년 9월 30일,"- 숙박비 1일 50,000원",https://www.masil.io/programs/741bab52-7d85-43f1-bde0-5cd6c6256fc1
2023 함안 한 달 살기 (1차),마감,살아보기,경남 함안군,2023년 4월 17일 ~ 2023년 6월 16일,"- 숙박비 1일 50,000원",https://www.masil.io/programs/cdd9eb6b-4174-43ca-bc23-55c6146bcccd
2023 함안 한 달 살기 (2차),마감,살아보기,경남 함안군,2023.07.18 ~ 2023.07.25,"- 숙박비 1일 50,000원",https://www.masil.io/programs/5087a21d-b1dd-44ab-ac3f-a1f4ca7806d9
2023년 경남에서 한 달 여행하기(안녕! 자연의 창녕에서 한 달 여행하기) (1차),마감,살아보기,경남 창녕군,2023년 4월 1일 ~ 2023년 5월 31일,"- 숙박비 1일 50,000원",https://www.masil.io/programs/ca5f88e9-07ac-4c27-9188-b3379be3f1ff
2023년 경남에서 한 달 여행하기(안녕! 자연의 창녕에서 한 달 여행하기) (2차),마감,살아보기,경남 창녕군,2023년 7월 1일 ~ 2023년 8월 31일,"- 숙박비 1일 50,000원",https://www.masil.io/programs/19fc8510-f064-44da-b08f-5382a0448ea3
2023년 경남에서 한 달 여행하기(안녕! 자연의 창녕에서 한 달 여행하기) (3차),마감,살아보기,경남 창녕군,2023년 10월 1일 ~ 2023년 11월 30일,"- 숙박비 1일 50,000원",https://www.masil.io/programs/6ed63313-7eaf-4610-86fc-10935ef9a1e2
「2023년 경남 고성 한 달 살아보기」 (1차),마감,살아보기,경남 고성군,2023년 4월 1일 ~ 2023년 5월 31일,"- 숙박비 1일 50,000원",https://www.masil.io/programs/85efb89b-f730-4bc3-b082-1e5e1bd73e45
「2023년 경남 고성 한 달 살아보기」 (2차),마감,살아보기,경남 고성군,2023년 6월 5일 ~ 2023년 8월 31일,"- 숙박비 1일 50,000원",https://www.masil.io/programs/5d83ba39-07fe-4897-bee8-0d30883ff322
2023년 경남에서 한 달 여행하기(한달음 남해) (1차),마감,살아보기,경남 남해군,2023년 4월 1일 ~ 2023년 5월 20일,"- 숙박비 1일 40,000원",https://www.masil.io/programs/db9b66a5-b629-458c-b636-b253ec4c51fc
2023년 경남에서 한 달 여행하기(한달음 남해) (2차),마감,살아보기,경남 남해군,2023년 7월 1일 ~ 2023년 8월 20일,"- 숙박비 1일 40,000원",https://www.masil.io/programs/b3fda85d-2e65-44d5-ba2e-c8a68c6e383b
"「하동으로, 여행 가자!(경남에서 한 달 여행하기)」 (1차)",마감,살아보기,경남 하동군,2023년 4월 17일 ~ 2023년 6월 23일,"- 숙박비 1일 50,000원",https://www.masil.io/programs/dffd373a-cdf3-4f7d-b55a-6d1a54c6347b
"「하동으로, 여행 가자!(경남에서 한 달 여행하기)」 (2차)",마감,살아보기,경남 하동군,2023년 7월 17일 ~ 2023년 8월 31일,"- 숙박비 1일 50,000원",https://www.masil.io/programs/3495bfb8-5778-4053-98f4-ab086cb56bed
"「하동으로, 여행 가자!(경남에서 한 달 여행하기)」 (2차 추가 모집)",마감,살아보기,경남 하동군,2023년 8월 2일 ~ 2023년 8월 31일,"- 숙박비 1일 50,000원",https://www.masil.io/programs/db3eec37-008f-4a32-b624-f0111e7060cf
"경남에서 한 달 여행하기 사업 ‘Wellnessmate, 산청’ (1차)",마감,살아보기,경남 산청군,2023년 4월 1일 ~ 2023년 6월 30일,"- 숙박비 1일 50,000원",https://www.masil.io/programs/0cf71368-c34d-496c-be8c-90e2adf2b2c3
"경남에서 한 달 여행하기 사업 ‘Wellnessmate, 산청’ (2차)",마감,살아보기,경남 산청군,2023년 7월 1일 ~ 2023년 8월 30일,"- 숙박비 1일 50,000원",https://www.masil.io/programs/bbb45ac4-00b9-425b-a452-cee69c97b6f7
내가 그린 함양에서 한 달 여행하기 (1차),마감,살아보기,경남 함양군,2023년 4월 1일 ~ 2023년 5월 31일,"- 숙박비 1일 50,000원",https://www.masil.io/programs/fbafdd1d-9860-4471-9813-f8e1cb3047e0
"‘일상 속 쉼표하나, 웰니스! 거창여행’ (1차)",마감,한달살기,경남 거창군,2023년 4월 10일 ~ 2023년 5월 31일,"- 숙박비 1일 50,000원",https://www.masil.io/programs/11fe9e07-dbfd-4bcb-8df1-13217d1ca54f
"‘일상 속 쉼표하나, 웰니스! 거창여행’ (2차)",마감,한달살기,경남 거창군,2023년 7월 10일 ~ 2023년 8월 31일,"- 숙박비 1일 50,000원",https://www.masil.io/programs/be38c12f-172e-4ddf-9668-b463c293fd94
"‘일상 속 쉼표하나, 웰니스! 거창여행’ (3차)",마감,한달살기,경남 거창군,2023년 10월 1일 ~ 2023년 11월 30일,"- 숙박비 1일 50,000원",https://www.masil.io/programs/56899f50-6a65-4a6a-bfe8-e03f5fbf48e8
2023 『드라마틱 합천 여행하기』 (1차),마감,한달살기,경남 합천군,2023년 4월 1일 ~ 2023년 5월 31일,"- 숙박비 1일 50,000원",https://www.masil.io/programs/803550a5-50dc-4a6d-a343-dd74fff3c607
2023 『드라마틱 합천 여행하기』 (2차),마감,한달살기,경남 합천군,2023년 7월 1일 ~ 2023년 8월 31일,"- 숙박비 1일 50,000원",https://www.masil.io/programs/41137b29-92d4-4dbc-9509-b29aabddba3a
2023 『드라마틱 합천 여행하기』 (3차),마감,한달살기,경남 합천군,2023년 10월 1일 ~ 2023년 11월 30일,"- 숙박비 1일 50,000원",https://www.masil.io/programs/a445efef-6732-4806-9b85-e9e5a3f45ae7
『제천에서 일주일 살아보기 2023』,마감,살아보기,충북 제천시,2023년 4월 1일 ~ 2023년 12월 31일,"- 숙박비 1일 40,000원",https://www.masil.io/programs/c0c424ce-8cc9-4540-86fc-fced86105104
2023년도 『경주에서 한 달 살아보기』 (1차),마감,살아보기,경북 경주시,2023년 4월 1일 ~ 2023년 6월 30일,"- 숙박비 1일 50,000원",https://www.masil.io/programs/1c973901-fd73-4df1-8f65-150729607572
2023년도 『경주에서 한 달 살아보기』 (2차),마감,살아보기,경북 경주시,2023년 8월 1일 ~ 2023년 10월 31일,"- 숙박비 1일 50,000원",https://www.masil.io/programs/36b4a9ce-dd82-4d18-ac0c-9b16c8f9282b
[영주] 2023년 일주일 살아보기 프로그램,마감,살아보기,경북 영주시,2023년 3월 1일 ~ 2023년 12월 31일,"- 숙박비 1일 30,000원",https://www.masil.io/programs/1b968d52-a2aa-421c-8e3e-081fb11db85a
달빛탐사대,마감,한달살기,경북 문경시,2023년 08월 예정,문경살이 체험·숙소·취업·창업 연계 프로그램 지원,https://www.masil.io/programs/8a3bf9d7-c648-42b6-86a6-1208dacd7bd7
의성군 한 달 살기 프로그램,마감,살아보기,경북 의성군,2023년 08월 예정,확인필요,https://www.masil.io/programs/b58c977a-1c2a-4233-8524-c326f6fa49d8
2023 양평에서 일주일 여행하기 (1차),마감,살아보기,경기 양평군,2023년 6월 5일 ~ 2023년 7월 31일,"- 숙박비 1일 100,000원 한도 내 총 숙박비의 70% 지원",https://www.masil.io/programs/f1b30f59-4c5a-4482-895e-41eaceca8543
2023 양평에서 일주일 여행하기 (2차),마감,살아보기,경기 양평군,2023년 9월 4일 ~ 2023년 10월 31일,"- 숙박비 1일 100,000원 한도 내 총 숙박비의 70% 지원",https://www.masil.io/programs/7623509b-2815-4d42-9437-23c172d8d63a
「목포·신안을 렌즈에 담다 ! 목포 일주일살기 1회차」,마감,살아보기,전남 목포시,2023년 7월 7일 ~ 2023년 7월 13일,"- 숙박비 1일 60,000원 한도 내 숙박비의 최대 80% 지원",https://www.masil.io/programs/f6d88cf3-8770-47a6-890a-ae5741f48858
「목포·신안은 사랑을 싣고 ! 목포·신안 일주일살기 2회차」,마감,살아보기,전남 목포시,2023년 7월 25일 ~ 2023년 7월 31일,"- 숙박비 1일 60,000원 한도 내 숙박비의 최대 80% 지원",https://www.masil.io/programs/b71a8184-7c32-4edc-8d93-99089a97719a
「목포·신안에서 일주일살기 MZ세대의 신안·천사 섬캉스 3회차」,마감,살아보기,전남 목포시,2023년 8월 18일 ~ 2023년 8월 24일,"- 숙박비 1일 50,000원 한도 내 숙박비의 최대 80% 지원",https://www.masil.io/programs/6f8c20bb-dcd7-4003-b743-a081b3c4ca22
「The Golden Hour 로맨틱 목포·신안 일주일살기 4회차」,마감,살아보기,전남 목포시,2023년 9월 11일 ~ 2023년 9월 17일,"- 숙박비 1일 50,000원 한도 내 숙박비의 최대 80% 지원",https://www.masil.io/programs/249b6ff8-c5df-40af-9aad-c159c24f8462
2023 진도에서 한 달 여행하기,마감,살아보기,전남 진도군,2023.05.09 ~ 2023.05.16,"- 숙박비 1일 80,000원",https://www.masil.io/programs/92b98e4e-0c0d-4538-b093-646fa99daddd
2023년 남도에서 한 달 여행하기 in 여수,마감,살아보기,전남 여수시,2023년 4월 1일 ~ 2023년 10월 31일,"- 숙박비 1일 50,000원 한도 내 숙박비의 최대 80% 지원",https://www.masil.io/programs/7217d736-74c8-4a59-9af2-c0cf33fc6f29
순천에서 가치 여행,마감,한달살기,전남 순천시,2023년 5월 1일 ~ 2023년 9월 30일,"- 숙박비 1일 80,000원",https://www.masil.io/programs/393ab0b7-3352-4616-b608-566d6be1b7b4
2023. 남도에서 한 달 여행하기,마감,살아보기,전남 광양시,2023.06.02 ~ 2023.06.16,"- 숙박비 1일 80,000원",https://www.masil.io/programs/67eafa3d-247e-42c0-a778-fb6dda039594
담양에서 일주일 여행하기,마감,살아보기,전남 담양군,2023년 4월 4일 ~ 2023년 12월 31일,"- 숙박비 1일 80,000원",https://www.masil.io/programs/77db8608-fc95-43ae-9778-d97425fe1e79
2023 구례에서 한 달 여행하기,마감,살아보기,전남 구례군,2023.04.24 ~ 2023.05.04,"- 숙박비 1일 80,000원",https://www.masil.io/programs/ca2448d9-7c53-43d7-8d98-5c53573d1df4
2023 보령 한달살이(여름-보령이랑 같이 살기),마감,살아보기,충남 보령시,2023년 6월 1일 ~ 2023년 8월 31일,"- 숙박비 1일 70,000원",https://www.masil.io/programs/94973929-4ed1-4c01-abfb-0b2b198b5334
"2023 남도에서 한 달 여행하기,「고흥에 머뭄」",마감,살아보기,전남 고흥군,2023년 4월 1일 ~ 2023년 11월 30일,"- 숙박비 1일 80,000원",https://www.masil.io/programs/00adc1ab-6ac3-4825-a3c9-adae689b77e3
2023 남도에서(강진) 한 달 여행하기,마감,살아보기,전남 강진군,2023년 6월 1일 ~ 2023년 11월 30일,"- 숙박비 1일 80,000원",https://www.masil.io/programs/05a9ffbf-d5e1-42d2-8716-6fae7e062ec3
2023년 남도에서 한 달 여행하기,마감,살아보기,전남 해남군,2023.04.07 ~ 2023.04.28,"- 숙박비 1일 80,000원",https://www.masil.io/programs/88238db2-88e5-47d6-9b44-67b8cfa82518
‘남도에서 한 달 여행하기 in 함평’,마감,살아보기,전남 함평군,2024.04.13 ~ 2024.04.26,"- 숙박비 1일 80,000원",https://www.masil.io/programs/0ffd4031-e526-4825-9a20-2bd8eeed2649
2023 남도에서 한 달 여행하기,마감,살아보기,전남 완도군,2023.06.14 ~ 2023.07.02,"- 숙박비 1일 80,000원",https://www.masil.io/programs/b432ede1-afee-4fa4-8b8b-194576f4bc36
2023년 서산에서 일주일 살아보기 및 워케이션 제1기,마감,워케이션,충남 서산시,2023년 4월 1일 ~ 2023년 5월 29일,"- 숙박비 1일 60,000원",https://www.masil.io/programs/95440d0f-919a-4720-95b4-0255ea9f9884
2023년 서산에서 일주일 살아보기 및 워케이션 제2기,마감,워케이션,충남 서산시,2023년 6월 1일 ~ 2023년 8월 31일,"- 숙박비 1일 60,000원",https://www.masil.io/programs/72793e98-7d13-4b2c-a708-30fef1f05c6d
금산에서 일주일 살아보기 4기,마감,살아보기,충남 금산군,2023년 10월 13일 ~ 2023년 10월 19일,"- 참가비 1인 100,000원",https://www.masil.io/programs/75e7ebad-7dd7-4fd5-b8c2-962b9a200ba7
2023년 홍성군 한달살이 (1차),마감,살아보기,충남 홍성군,2023.06.09 ~ 2023.06.13,"- 숙박비 1일 70,000원",https://www.masil.io/programs/40cb6636-1dc3-4613-8c20-184623ea7e50
2023 태안에서 한달살이,마감,살아보기,충남 태안군,2023년 9월 4일 ~ 2023년 12월 31일,"- 숙박비 1일 1팀당 70,000원",https://www.masil.io/programs/90306697-892b-4077-b725-10a82405697f
2023년 꿀잼대전 힐링캠프 (3차),마감,투어/체험,대전,2023년 9월 16일 ~ 2023년 8월 17일,"- 대한민국 국민 누구나 참여 - 참가비 1인 10,000원",https://www.masil.io/programs/ec722a82-2426-4ca8-a7d1-001e48d24415
"한달 살아보니, 살기좋은 부산",마감,살아보기,부산광역시,2023.05.01 ~ 2023.05.21,"- 숙박비 1일 50,000원",https://www.masil.io/programs/8dc5b0e7-51ca-401f-8870-ff9b23529c59
"한달 살아보니, 살기좋은 부산 (2차)",마감,살아보기,부산,2023년 9월 1일 ~ 2023년 10월 31일,"- 숙박비 1일 50,000원",https://www.masil.io/programs/a8e99534-7e69-4781-8146-10f1a4c4ad87
2023년 서산에서 일주일 살아보기 및 워케이션 제3기,마감,워케이션,충남 서산시,2023년 9월 1일 ~ 2023년 10월 31일,"- 숙박비 1일 60,000원",https://www.masil.io/programs/6fbeab8f-ea29-4536-a643-8c01df1db2d5
2023 보령 한달살이(가을편),마감,살아보기,충남 보령시,2023년 9월 20일 ~ 2023년 11월 20일,"- 숙박비 1일 70,000원",https://www.masil.io/programs/67518de0-e67c-4cf6-ba8d-d8b6b1c57284
"지금 우리, 보성여행(남도에서 한 달 여행하기)",마감,살아보기,전남 보성군,2023년 4월 1일 ~ 2023년 11월 30일,"- 숙박비 1일 80,000원",https://www.masil.io/programs/1b5fd621-6a07-4854-ad4b-92ab45a09390
「The Golden Hour 로맨틱 목포·신안 일주일살기 5회차」,마감,살아보기,전남 목포시,2023년 9월 14일 ~ 2023년 9월 20일,"- 숙박비 1일 50,000원 한도 내 숙박비의 최대 80% 지원",https://www.masil.io/programs/75c31efd-1492-48c8-af3b-a655a3b96a30
"2023년 「here, UR 여기, 의령에서 한 달 여행하기」 (3차)",마감,살아보기,경남 의령군,2023년 10월 1일 ~ 2023년 11월 30일,"- 숙박비 1일 50,000원",https://www.masil.io/programs/d49cefa6-5dc1-4f1b-8d5f-1f1f9c34043c
"「하동으로, 여행 가자!(경남에서 한 달 여행하기)」 (3차)",마감,살아보기,경남 하동군,2023년 9월 12일 ~ 2023년 10월 31일,"- 숙박비 1일 50,000원",https://www.masil.io/programs/1f7d24ef-a40b-4417-a675-c4ea823fb357
2023년 홍성군 한달살이 (2차),마감,살아보기,충남 홍성군,2023.08.28 ~ 2023.09.06,"- 숙박비 1일 70,000원",https://www.masil.io/programs/46f47085-5138-438c-8c76-3aea2e28dd36
"남해독일마을 2박3일 캠프 (활동비, 숙박비, 식사비 지원)",마감,투어/체험,경남 남해군,2023.09.08 ~ 2023.09.10,"1인당 활동비 150,000원 + 숙박 + 식사 + 남해 바닷가 투어·독일음식·맥주·마을체험 지원",https://www.masil.io/programs/31b026e1-dfbb-4020-975f-4414514a00e1
옥천 디주투어,마감,투어/체험,충북 옥천군,2023.06.26 ~ 2023.09.10,"1인당 3만원, 최대 6인(팀 최대 18만원)",https://www.masil.io/programs/257540f0-662b-4a7d-9c61-6d8ed3c63600
충주에서 일주일 살기 「오소(O-SO) 충주」,마감,살아보기,충북 충주시,2023년 2월 1일 ~ 2023년 11월 15일,"- 숙박비 1일 50,000원",https://www.masil.io/programs/130207e6-0dbc-4e49-b785-3e8f3011c99f
"경남에서 한 달 여행하기 사업 ‘Wellnessmate, 산청’ (3차)",마감,살아보기,경남 산청군,2023년 9월 1일 ~ 2023년 11월 30일,"- 숙박비 1일 50,000원",https://www.masil.io/programs/d177cf85-43e0-49b2-b3ab-9e9e1d7c2bfd
영월에서 일주일 살기 Check in 영월,마감,살아보기,강원 영월군,2023년 7월 1일 ~ 2023년 11월 30일,"- 숙박비 1일 50,000원 (인원 수에 따라 다름)",https://www.masil.io/programs/638501df-ce36-415c-9fd1-7831747af9c6
삼척 한 달 여행하기,마감,살아보기,강원 삼척시,2023년 6월 5일 ~ 2023년 11월 30일,"- 숙박비 1일 40,000 ~ 60,000원",https://www.masil.io/programs/c282f67b-2a0d-4642-a6a1-c401a03ba5c7
2023년 귀농·귀촌유치 지원사업(태백 한 달 살기),마감,귀농/귀촌,강원 태백시,2023년 8월 21일 ~ 2023년 10월 20일,"- 숙박비 1일 40,000원",https://www.masil.io/programs/d86ed722-e17d-4748-b0c4-bf6812f82fa1
안동시 「2023 개별 관광객 유치 지원사업」,마감,한달살기,경북,2023년 6월 19일 ~ 2023년 12월 22일,숙박요금에 따라 2만원·3만원·4만원 할인,https://www.masil.io/programs/540352a5-5651-4271-9f53-3ea041bc181c
단양 야간 미션투어,마감,미션,충북,2023년 8월 25일 ~ 2023년 12월 22일,필수 미션 완료 시 1팀당 10만원 지급,https://www.masil.io/programs/82b43f3a-8c55-4ba9-970e-2da08050fc71
2023년 군산시 어청도 팸투어 참여대상자 모집,마감,투어/체험,전북,2023년 9월 4일 ~ 2023년 12월 10일,어청도 팸투어 여행경비 지원,https://www.masil.io/programs/1e222850-9e8f-479e-a32d-8134677cff43
"구룸, 변산에 머뭄",마감,한달살기,전북 부안군,2023.06.02 ~ 상시모집,2주간 무료 숙식 + 농촌·문화예술 체험 및 지역 네트워크 프로그램 제공,https://www.masil.io/programs/4c4b84f3-b9db-4d47-aeb8-bb14b49df222
경북 동해안 5개 시군 일주일 살기,마감,살아보기,경북,2023년 8월 23일 ~ 2023년 11월 30일,숙박 팀당 1박 3만원(최대 6박) + 체험 1인 1일 최대 3만원(최대 3일),https://www.masil.io/programs/2a037d4e-dba9-4052-b969-ad0c9d19a517
일상관광프로그램 2도1촌 진주잇고 (2차),마감,한달살기,경남 진주시,2023년 11월 18일 ~ 2023년 11월 19일,토요일 숙박 제공 + K기업가 제품·다도 체험 및 진주문화융합 밀키트 체험 제공,https://www.masil.io/programs/d61f0636-57ea-4d0c-a762-b9f005218390
일상관광프로그램 2도1촌 진주잇고 (1차),마감,한달살기,경남 진주시,2023년 9월 23일 ~ 2023년 9월 24일,토요일 1박 숙박비(팀당) + K기업가 제품 만들기·다도 체험 + 진주문화융합 밀키트 체험 지원,https://www.masil.io/programs/57240dc5-26b8-4a0e-932e-d8490742acf0
"양구탐험대, 지정기부 발굴 프로젝트",마감,한달살기,강원 양구군,2023.06.23 ~ 2023.07.07,6박7일 숙박비·식비·체험비 등 체류비 일체 지원,https://www.masil.io/programs/e01a252f-7edb-4346-91aa-21c6ebcca855
창원에서 한달살이 (1차),마감,살아보기,경남 창원시,2023.05.01 ~ 2023.05.14,"- 숙박비 1일 50,000원 (팀별)",https://www.masil.io/programs/76690466-ed87-4d30-b177-c3d627508d80
창원에서 한달살이 (2차),마감,살아보기,경남 창원시,2023년 7월 1일 ~ 2023년 9월 15일,"- 숙박비 1일 50,000원 (팀별)",https://www.masil.io/programs/b8200896-4123-4f7e-8f35-5fa88a2c1f0d
창원에서 한달살이 (3차),마감,살아보기,경남 창원시,2023년 9월 1일 ~ 2023년 11월 15일,"- 숙박비 1일 50,000원 (팀별)",https://www.masil.io/programs/3b3346d6-e473-409e-b2f3-78ae314d2abf
2023년 경남형 한 달 여행하기 사업 「여:기 쉼표 행:복 찾아 진주」 (1차),마감,살아보기,경남 진주시,2023년 4월 1일 ~ 2023년 5월 31일,"- 숙박비 1일 50,000원",https://www.masil.io/programs/74111a49-e68a-4a83-8fae-99d03a7e2590
2023년 경남형 한 달 여행하기 사업 「여:기 쉼표 행:복 찾아 진주」 (2차),마감,살아보기,경남 진주시,2023년 7월 1일 ~ 2023년 8월 31일,"- 숙박비 1일 50,000원",https://www.masil.io/programs/8349a6eb-852e-43be-96f8-9a3cd932ab96
2023년 경남형 한 달 여행하기 사업 「여:기 쉼표 행:복 찾아 진주」 (3차),마감,살아보기,경남 진주시,2023년 10월 1일 ~ 2023년 11월 30일,"- 숙박비 1일 50,000원",https://www.masil.io/programs/b30feb67-97b8-430a-9143-4433f0155975
「통영애 온나(경남에서 한 달 여행하기)」 (1차),마감,살아보기,경남 통영시,2023년 4월 1일 ~ 2023년 5월 31일,"- 숙박비 1일 50,000원",https://www.masil.io/programs/3daa70f0-d151-468b-9ffc-d980c01bdfb6
내가 그린 함양에서 한 달 여행하기 (2차),마감,살아보기,경남 함양군,2023년 6월 1일 ~ 2023년 7월 31일,"- 숙박비 1일 50,000원",https://www.masil.io/programs/c2d8f1f8-44a4-4849-be43-38e9a2586bf4
「통영애 온나(경남에서 한 달 여행하기)」 (2차),마감,살아보기,경남 통영시,2023년 7월 1일 ~ 2023년 8월 31일,"- 숙박비 1일 50,000원",https://www.masil.io/programs/d5c294bb-bd6b-43c2-84fe-76618f622de0
「통영애 온나(경남에서 한 달 여행하기)」 (3차),마감,살아보기,경남 통영시,2023년 9월 25일 ~ 2023년 11월 30일,"- 숙박비 1일 50,000원",https://www.masil.io/programs/c5b0e058-8577-41a7-a4de-5655a22b7054
「사천에서 한 달 여행하기」 (1차),마감,살아보기,경남 사천시,2023년 4월 1일 ~ 2023년 5월 31일,"- 숙박비 1일 50,000원",https://www.masil.io/programs/e58d24e5-f914-41a2-8916-9d513a6789f7
「사천에서 한 달 여행하기」 (2차),마감,살아보기,경남 사천시,2023년 7월 1일 ~ 2023년 8월 31일,"- 숙박비 1일 50,000원",https://www.masil.io/programs/758f368f-277e-4615-a7a7-1331c82c5240
"2023 경남에서 한 달 여행하기 「요즘 김해, 지금 여행」 (1차)",마감,살아보기,경남 김해시,2023년 4월 1일 ~ 2023년 6월 30일,"- 숙박비 1일 50,000원",https://www.masil.io/programs/c79fa38d-e0fa-4ac6-acbd-c2f13c0e75ed
